{
  "type": "FeatureCollection",
  "features": [
    {
      "type": "Feature",
      "properties": {
        "name": "India",
        "code": "IND"
      },
      "geometry": {
        "type": "Polygon",
        "coordinates": [
          [
            [
              78.0,
              12.33108722832298
            ],
            [
              78.44476675592549,
              12.302293289116617
            ],
            [
              78.88166220792642,
              12.216422854554125
            ],
            [
              79.30297248469851,
              12.074999571663922
            ],
            [
              79.70129352721338,
              11.880528222521987
            ],
            [
              80.06967374997674,
              11.636444067331091
            ],
            [
              80.40174303931305,
              11.347044383595964
            ],
            [
              80.69182510019819,
              11.017404406974235
            ],
            [
              80.9350312306443,
              10.653280190046146
            ],
            [
              81.1273346534686,
              10.261001031366305
            ],
            [
              81.26562545756606,
              9.847354106669693
            ],
            [
              81.34774691408678,
              9.419463791602222
            ],
            [
              81.37251439613752,
              8.984667945078106
            ],
            [
              81.33971834269491,
              8.550393170645906
            ],
            [
              81.250112701587,
              8.124030831620587
            ],
            [
              81.10539012060066,
              7.71281539580896
            ],
            [
              80.90814490119439,
              7.323706545967805
            ],
            [
              80.66182445906394,
              6.963276417222808
            ],
            [
              80.37066981508863,
              6.637603304017038
            ],
            [
              80.0396455184668,
              6.352173197677305
            ],
            [
              79.67435940980083,
              6.1117905454037915
            ],
            [
              79.28097277099683,
              5.920499633826821
            ],
            [
              78.86610166390236,
              5.781517968560427
            ],
            [
              78.43671059407554,
              5.697182924799486
            ],
            [
              78.0,
              5.668912771677022
            ],
            [
              77.56328940592445,
              5.697182924799486
            ],
            [
              77.13389833609764,
              5.7815179685604265
            ],
            [
              76.71902722900316,
              5.920499633826821
            ],
            [
              76.32564059019916,
              6.1117905454037915
            ],
            [
              75.96035448153319,
              6.352173197677304
            ],
            [
              75.62933018491137,
              6.637603304017037
            ],
            [
              75.33817554093605,
              6.963276417222807
            ],
            [
              75.09185509880561,
              7.323706545967802
            ],
            [
              74.89460987939933,
              7.71281539580896
            ],
            [
              74.74988729841299,
              8.124030831620587
            ],
            [
              74.66028165730509,
              8.550393170645906
            ],
            [
              74.62748560386247,
              8.984667945078106
            ],
            [
              74.65225308591322,
              9.41946379160222
            ],
            [
              74.73437454243393,
              9.847354106669691
            ],
            [
              74.87266534653138,
              10.261001031366304
            ],
            [
              75.0649687693557,
              10.653280190046146
            ],
            [
              75.30817489980181,
              11.017404406974233
            ],
            [
              75.59825696068694,
              11.347044383595964
            ],
            [
              75.93032625002326,
              11.63644406733109
            ],
            [
              76.2987064727866,
              11.880528222521985
            ],
            [
              76.69702751530147,
              12.074999571663922
            ],
            [
              77.11833779207358,
              12.216422854554123
            ],
            [
              77.55523324407451,
              12.302293289116617
            ],
            [
              78.0,
              12.33108722832298
            ]
          ]
        ]
      }
    },
    {
      "type": "Feature",
      "properties": {
        "name": "Sri Lanka",
        "code": "LKA"
      },
      "geometry": {
        "type": "Polygon",
        "coordinates": [
          [
            [
              80.5,
              9.831087228322978
            ],
            [
              80.9409916210791,
              9.802367949021773
            ],
            [
              81.37423823094429,
              9.71671624804924
            ],
            [
              81.7921455479727,
              9.5756404197725
            ],
            [
              82.18741618648845,
              9.381620912191671
            ],
            [
              82.55318703610766,
              9.138061441962801
            ],
            [
              82.88315426198469,
              8.849222809092627
            ],
            [
              83.17168317215855,
              8.520141437692063
            ],
            [
              83.41390113457406,
              8.156534961206727
            ],
            [
              83.6057726480956,
              7.76469730556924
            ],
            [
              83.7441564798027,
              7.3513857178433195
            ],
            [
              83.82684540315644,
              6.923702072522638
            ],
            [
              83.85258947115102,
              6.488970603095774
            ],
            [
              83.82110393413686,
              6.054613995325137
            ],
            [
              83.73306289400516,
              5.62802957924537
            ],
            [
              83.59007962862027,
              5.216467198325818
            ],
            [
              83.39467428979913,
              4.8269102334076885
            ],
            [
              83.15022944456805,
              4.465961219269414
            ],
            [
              82.8609337558568,
              4.139733503512812
            ],
            [
              82.53171403341473,
              3.8537504408451886
            ],
            [
              82.16815595623748,
              3.6128536636377095
            ],
            [
              81.77641397823975,
              3.4211219920173224
            ],
            [
              81.36311125961797,
              3.2818025157962025
            ],
            [
              80.93523087690434,
              3.1972552747552463
            ],
            [
              80.5,
              3.1689127716770225
            ],
            [
              80.06476912309567,
              3.1972552747552463
            ],
            [
              79.63688874038205,
              3.2818025157962025
            ],
            [
              79.22358602176027,
              3.421121992017322
            ],
            [
              78.83184404376252,
              3.612853663637709
            ],
            [
              78.46828596658528,
              3.8537504408451886
            ],
            [
              78.13906624414321,
              4.1397335035128116
            ],
            [
              77.84977055543196,
              4.4659612192694125
            ],
            [
              77.60532571020089,
              4.826910233407686
            ],
            [
              77.40992037137974,
              5.216467198325818
            ],
            [
              77.26693710599486,
              5.62802957924537
            ],
            [
              77.17889606586314,
              6.054613995325137
            ],
            [
              77.147410528849,
              6.4889706030957734
            ],
            [
              77.17315459684356,
              6.923702072522636
            ],
            [
              77.25584352019732,
              7.351385717843319
            ],
            [
              77.3942273519044,
              7.764697305569238
            ],
            [
              77.58609886542595,
              8.156534961206727
            ],
            [
              77.82831682784146,
              8.52014143769206
            ],
            [
              78.11684573801533,
              8.849222809092627
            ],
            [
              78.44681296389236,
              9.1380614419628
            ],
            [
              78.81258381351155,
              9.38162091219167
            ],
            [
              79.2078544520273,
              9.575640419772501
            ],
            [
              79.62576176905571,
              9.71671624804924
            ],
            [
              80.05900837892091,
              9.802367949021773
            ],
            [
              80.5,
              9.831087228322978
            ]
          ]
        ]
      }
    },
    {
      "type": "Feature",
      "properties": {
        "name": "Maldives",
        "code": "MDV"
      },
      "geometry": {
        "type": "Polygon",
        "coordinates": [
          [
            [
              73.2,
              6.531087228322979
            ],
            [
              73.63736704263866,
              6.502464837652027
            ],
            [
              74.06712900264647,
              6.417097054004291
            ],
            [
              74.48182350908677,
              6.276472413476637
            ],
            [
              74.8742696357454,
              6.08304001925597
            ],
            [
              75.23769896132919,
              5.840162902238947
            ],
            [
              75.56587579207466,
              5.5520547278388745
            ],
            [
              75.85320408434362,
              5.223701654086483
            ],
            [
              76.09481938846373,
              4.860771413260408
            ],
            [
              76.2866649044121,
              4.469511820364778
            ],
            [
              76.42555141017831,
              4.056640921051783
            ],
            [
              76.50920133283415,
              3.629230906933493
            ],
            [
              76.53627754837412,
              3.1945877837471026
            ],
            [
              76.50639761873954,
              2.7601286157957405
            ],
            [
              76.42013413112852,
              2.3332580231132622
            ],
            [
              76.2790016457601,
              1.921245502158137
            ],
            [
              76.08543054706134,
              1.5311050912228286
            ],
            [
              75.8427278968834,
              1.1694789098297618
            ],
            [
              75.55502526831427,
              0.8425261561550484
            ],
            [
              75.2272135424493,
              0.5558192262224595
            ],
            [
              74.86486480504654,
              0.3142486941197116
            ],
            [
              74.47414178757201,
              0.12193893173411659
            ],
            [
              74.0616957342768,
              -0.017823880557239963
            ],
            [
              73.63455409710093,
              -0.10264971728054124
            ],
            [
              73.2,
              -0.1310872283229784
            ],
            [
              72.76544590289907,
              -0.10264971728054124
            ],
            [
              72.33830426572321,
              -0.017823880557240362
            ],
            [
              71.92585821242801,
              0.12193893173411618
            ],
            [
              71.53513519495347,
              0.3142486941197116
            ],
            [
              71.1727864575507,
              0.555819226222459
            ],
            [
              70.84497473168574,
              0.8425261561550472
            ],
            [
              70.5572721031166,
              1.1694789098297609
            ],
            [
              70.31456945293866,
              1.5311050912228263
            ],
            [
              70.12099835423989,
              1.921245502158137
            ],
            [
              69.97986586887149,
              2.3332580231132622
            ],
            [
              69.89360238126046,
              2.76012861579574
            ],
            [
              69.86372245162589,
              3.1945877837471013
            ],
            [
              69.89079866716585,
              3.629230906933491
            ],
            [
              69.97444858982169,
              4.056640921051782
            ],
            [
              70.1133350955879,
              4.469511820364775
            ],
            [
              70.30518061153627,
              4.860771413260408
            ],
            [
              70.54679591565639,
              5.22370165408648
            ],
            [
              70.83412420792534,
              5.552054727838874
            ],
            [
              71.16230103867082,
              5.840162902238947
            ],
            [
              71.52573036425458,
              6.083040019255968
            ],
            [
              71.91817649091324,
              6.276472413476637
            ],
            [
              72.33287099735354,
              6.41709705400429
            ],
            [
              72.76263295736135,
              6.502464837652027
            ],
            [
              73.2,
              6.531087228322979
            ]
          ]
        ]
      }
    },
    {
      "type": "Feature",
      "properties": {
        "name": "Pakistan",
        "code": "PAK"
      },
      "geometry": {
        "type": "Polygon",
        "coordinates": [
          [
            [
              66.9,
              26.83108722832298
            ],
            [
              67.38685675662865,
              26.801820161395643
            ],
            [
              67.86467621625064,
              26.71456452640241
            ],
            [
              68.32463324059471,
              26.57094386079922
            ],
            [
              68.758317829833,
              26.37362081618752
            ],
            [
              69.15792059135794,
              26.126234405393333
            ],
            [
              69.51639392963207,
              25.83331615397986
            ],
            [
              69.82758423753641,
              25.50018868335474
            ],
            [
              70.0863326169265,
              25.132850664143348
            ],
            [
              70.28854381849133,
              24.73785217428058
            ],
            [
              70.43122493475137,
              24.322164316441683
            ],
            [
              70.51249675239656,
              23.89304656214905
            ],
            [
              70.53158150955271,
              23.457914776513178
            ],
            [
              70.4887711309474,
              23.02421231839466
            ],
            [
              70.38537991182196,
              22.59928607395171
            ],
            [
              70.2236852076023,
              22.19026881630883
            ],
            [
              70.00685908885869,
              21.80396891844603
            ],
            [
              69.73889325844749,
              21.446768188353627
            ],
            [
              69.42451889587333,
              21.124528436637515
            ],
            [
              69.06912255989042,
              20.84250730721153
            ],
            [
              68.67865888133483,
              20.60528387526005
            ],
            [
              68.25956052420656,
              20.416694515547658
            ],
            [
              67.81864577214898,
              20.279779543136947
            ],
            [
              67.36302408205898,
              20.196741107911386
            ],
            [
              66.9,
              20.16891277167702
            ],
            [
              66.43697591794103,
              20.196741107911386
            ],
            [
              65.98135422785103,
              20.279779543136947
            ],
            [
              65.54043947579346,
              20.416694515547658
            ],
            [
              65.1213411186652,
              20.60528387526005
            ],
            [
              64.73087744010961,
              20.84250730721153
            ],
            [
              64.37548110412669,
              21.124528436637515
            ],
            [
              64.06110674155252,
              21.446768188353627
            ],
            [
              63.793140911141336,
              21.803968918446028
            ],
            [
              63.576314792397724,
              22.19026881630883
            ],
            [
              63.41462008817806,
              22.59928607395171
            ],
            [
              63.31122886905263,
              23.02421231839466
            ],
            [
              63.26841849044731,
              23.457914776513178
            ],
            [
              63.28750324760347,
              23.893046562149046
            ],
            [
              63.368775065248656,
              24.322164316441683
            ],
            [
              63.51145618150867,
              24.73785217428058
            ],
            [
              63.71366738307353,
              25.132850664143348
            ],
            [
              63.972415762463605,
              25.500188683354736
            ],
            [
              64.28360607036795,
              25.83331615397986
            ],
            [
              64.64207940864208,
              26.126234405393333
            ],
            [
              65.04168217016702,
              26.37362081618752
            ],
            [
              65.47536675940532,
              26.57094386079922
            ],
            [
              65.93532378374938,
              26.71456452640241
            ],
            [
              66.41314324337138,
              26.801820161395643
            ],
            [
              66.9,
              26.83108722832298
            ]
          ]
        ]
      }
    },
    {
      "type": "Feature",
      "properties": {
        "name": "Bangladesh",
        "code": "BGD"
      },
      "geometry": {
        "type": "Polygon",
        "coordinates": [
          [
            [
              90.2,
              24.731087228322977
            ],
            [
              90.67832358761113,
              24.701894628974163
            ],
            [
              91.14783394938955,
              24.6148569083594
            ],
            [
              91.59991987987705,
              24.471581582377635
            ],
            [
              92.02636582197111,
              24.274706034787656
            ],
            [
              92.4195294633832,
              24.02783676965525
            ],
            [
              92.77249705526239,
              23.735468097063453
            ],
            [
              93.07921203586963,
              23.402883549059304
            ],
            [
              93.33457455673943,
              23.036043720954705
            ],
            [
              93.53451145751391,
              22.641464341328437
            ],
            [
              93.67601790937421,
              22.226088227570898
            ],
            [
              93.75717320630353,
              21.7971544437583
            ],
            [
              93.77713396871262,
              21.362067518001645
            ],
            [
              93.73610834929747,
              20.928269071006177
            ],
            [
              93.63531476664296,
              20.503113719757764
            ],
            [
              93.47692834191636,
              20.093750696413867
            ],
            [
              93.26401769336098,
              19.7070122894679
            ],
            [
              93.0004741608469,
              19.349309980135295
            ],
            [
              92.6909349779821,
              19.026539004032387
            ],
            [
              92.34070144592481,
              18.74399199763612
            ],
            [
              91.95565282711668,
              18.506282365325493
            ],
            [
              91.54215647886855,
              18.317277998832445
            ],
            [
              91.10697467464267,
              18.1800459717535
            ],
            [
              90.65716858762977,
              18.096808797897808
            ],
            [
              90.2,
              18.068912771677017
            ],
            [
              89.74283141237022,
              18.096808797897808
            ],
            [
              89.29302532535733,
              18.1800459717535
            ],
            [
              88.85784352113146,
              18.317277998832445
            ],
            [
              88.44434717288333,
              18.506282365325493
            ],
            [
              88.0592985540752,
              18.74399199763612
            ],
            [
              87.70906502201791,
              19.026539004032383
            ],
            [
              87.3995258391531,
              19.349309980135295
            ],
            [
              87.13598230663901,
              19.707012289467897
            ],
            [
              86.92307165808364,
              20.093750696413867
            ],
            [
              86.76468523335704,
              20.503113719757764
            ],
            [
              86.66389165070252,
              20.928269071006177
            ],
            [
              86.62286603128739,
              21.362067518001645
            ],
            [
              86.64282679369646,
              21.7971544437583
            ],
            [
              86.7239820906258,
              22.226088227570894
            ],
            [
              86.86548854248608,
              22.641464341328433
            ],
            [
              87.06542544326058,
              23.036043720954705
            ],
            [
              87.32078796413036,
              23.402883549059304
            ],
            [
              87.6275029447376,
              23.735468097063453
            ],
            [
              87.98047053661679,
              24.02783676965525
            ],
            [
              88.37363417802888,
              24.274706034787652
            ],
            [
              88.80008012012294,
              24.471581582377635
            ],
            [
              89.25216605061044,
              24.6148569083594
            ],
            [
              89.72167641238886,
              24.701894628974163
            ],
            [
              90.2,
              24.731087228322977
            ]
          ]
        ]
      }
    },
    {
      "type": "Feature",
      "properties": {
        "name": "Myanmar",
        "code": "MMR"
      },
      "geometry": {
        "type": "Polygon",
        "coordinates": [
          [
            [
              96.5,
              18.331087228322975
            ],
            [
              96.95770747946608,
              18.30210759418089
            ],
            [
              97.40716021375822,
              18.215693297111734
            ],
            [
              97.84027972096824,
              18.073406652607474
            ],
            [
              98.24933360349591,
              17.877813649179227
            ],
            [
              98.62709301709575,
              17.632428724697146
            ],
            [
              98.96697286645686,
              17.34164046684871
            ],
            [
              99.26315111214709,
              17.01062092282333
            ],
            [
              99.51066502563584,
              16.64522155763845
            ],
            [
              99.70548365079274,
              16.25185903121415
            ],
            [
              99.84455697113323,
              15.837393895614285
            ],
            [
              99.92584323694007,
              15.40900509068744
            ],
            [
              99.94831652455764,
              14.974062794756632
            ],
            [
              99.91195688387468,
              14.540001824617562
            ],
            [
              99.81772542458268,
              14.11419742672318
            ],
            [
              99.66752647112695,
              13.70384499729768
            ],
            [
              99.46415856731537,
              13.315845035952968
            ],
            [
              99.21125572030725,
              12.956694482054127
            ],
            [
              98.91321991427976,
              12.63238549843803
            ],
            [
              98.57514565138727,
              12.348312735197213
            ],
            [
              98.20273712371815,
              12.109190102492706
            ],
            [
              97.80221859335721,
              11.918978078863967
            ],
            [
              97.38023864554245,
              11.780822555284042
            ],
            [
              96.94376915232411,
              11.697006145798985
            ],
            [
              96.5,
              11.66891277167702
            ],
            [
              96.05623084767589,
              11.697006145798985
            ],
            [
              95.61976135445755,
              11.780822555284042
            ],
            [
              95.1977814066428,
              11.918978078863967
            ],
            [
              94.79726287628185,
              12.109190102492704
            ],
            [
              94.42485434861274,
              12.348312735197212
            ],
            [
              94.08678008572024,
              12.632385498438028
            ],
            [
              93.78874427969275,
              12.956694482054127
            ],
            [
              93.53584143268465,
              13.315845035952966
            ],
            [
              93.33247352887305,
              13.70384499729768
            ],
            [
              93.18227457541732,
              14.11419742672318
            ],
            [
              93.08804311612533,
              14.540001824617562
            ],
            [
              93.05168347544237,
              14.974062794756632
            ],
            [
              93.07415676305993,
              15.40900509068744
            ],
            [
              93.15544302886678,
              15.837393895614282
            ],
            [
              93.29451634920727,
              16.251859031214146
            ],
            [
              93.48933497436416,
              16.64522155763845
            ],
            [
              93.73684888785291,
              17.010620922823325
            ],
            [
              94.03302713354313,
              17.34164046684871
            ],
            [
              94.37290698290427,
              17.632428724697146
            ],
            [
              94.75066639650409,
              17.877813649179224
            ],
            [
              95.15972027903176,
              18.073406652607478
            ],
            [
              95.59283978624178,
              18.215693297111734
            ],
            [
              96.04229252053393,
              18.30210759418089
            ],
            [
              96.5,
              18.331087228322975
            ]
          ]
        ]
      }
    },
    {
      "type": "Feature",
      "properties": {
        "name": "Thailand",
        "code": "THA"
      },
      "geometry": {
        "type": "Polygon",
        "coordinates": [
          [
            [
              99.0,
              12.83108722832298
            ],
            [
              99.44563177825385,
              12.80227819542341
            ],
            [
              99.88336476828093,
              12.716363545233976
            ],
            [
              100.3054590277877,
              12.574870042079562
            ],
            [
              100.70448714989202,
              12.380307406670152
            ],
            [
              101.0734780375987,
              12.136117296519245
            ],
            [
              101.40604674479651,
              11.84660438009478
            ],
            [
              101.69650734670614,
              11.516851747442907
            ],
            [
              101.93996689822754,
              11.152623214387406
            ],
            [
              102.13239961687205,
              10.760255213531426
            ],
            [
              102.27070137328137,
              10.346540941520486
            ],
            [
              102.3527253044274,
              9.918609283679702
            ],
            [
              102.3772998406026,
              9.483800809299998
            ],
            [
              102.34423065625359,
              9.049542870648128
            ],
            [
              102.25428805053404,
              8.623225588448957
            ],
            [
              102.10918109508151,
              8.21208029824593
            ],
            [
              101.91151962613216,
              7.823061884580144
            ],
            [
              101.664764879605,
              7.462736348099703
            ],
            [
              101.3731693369257,
              7.137174926161429
            ],
            [
              101.04170621593832,
              6.851856101305384
            ],
            [
              100.67598903417581,
              6.611576858376244
            ],
            [
              100.2821817967892,
              6.420374561672139
            ],
            [
              99.86690060182335,
              6.281460791854317
            ],
            [
              99.43710777543136,
              6.1971683879803585
            ],
            [
              99.0,
              6.1689127716770225
            ],
            [
              98.56289222456864,
              6.1971683879803585
            ],
            [
              98.13309939817665,
              6.281460791854317
            ],
            [
              97.7178182032108,
              6.420374561672138
            ],
            [
              97.32401096582419,
              6.611576858376243
            ],
            [
              96.95829378406168,
              6.851856101305384
            ],
            [
              96.6268306630743,
              7.137174926161428
            ],
            [
              96.335235120395,
              7.462736348099703
            ],
            [
              96.08848037386784,
              7.8230618845801425
            ],
            [
              95.89081890491849,
              8.21208029824593
            ],
            [
              95.74571194946596,
              8.623225588448957
            ],
            [
              95.65576934374641,
              9.049542870648128
            ],
            [
              95.6227001593974,
              9.483800809299998
            ],
            [
              95.6472746955726,
              9.9186092836797
            ],
            [
              95.72929862671863,
              10.346540941520486
            ],
            [
              95.86760038312795,
              10.760255213531424
            ],
            [
              96.06003310177246,
              11.152623214387406
            ],
            [
              96.30349265329386,
              11.516851747442903
            ],
            [
              96.59395325520349,
              11.84660438009478
            ],
            [
              96.92652196240128,
              12.136117296519245
            ],
            [
              97.29551285010798,
              12.380307406670152
            ],
            [
              97.6945409722123,
              12.574870042079564
            ],
            [
              98.11663523171906,
              12.716363545233976
            ],
            [
              98.55436822174613,
              12.80227819542341
            ],
            [
              99.0,
              12.83108722832298
            ]
          ]
        ]
      }
    },
    {
      "type": "Feature",
      "properties": {
        "name": "Malaysia",
        "code": "MYS"
      },
      "geometry": {
        "type": "Polygon",
        "coordinates": [
          [
            [
              113.5,
              7.8310872283229775
            ],
            [
              113.9386141275339,
              7.802426857439964
            ],
            [
              114.36957154290862,
              7.716947770592117
            ],
            [
              114.785361300285,
              7.576146226865297
            ],
            [
              115.1787597851262,
              7.382483585044478
            ],
            [
              115.54296418160804,
              7.139338791172714
            ],
            [
              115.87171451402038,
              6.850943959819625
            ],
            [
              116.15940168719597,
              6.522304939409929
            ],
            [
              116.40115979231608,
              6.15910902894076
            ],
            [
              116.59294177158554,
              5.767622146370785
            ],
            [
              116.73157825812736,
              5.354577752803999
            ],
            [
              116.81481996033025,
              4.927059740467043
            ],
            [
              116.84136430874538,
              4.492381334081617
            ],
            [
              116.81086722760433,
              4.0579618744151515
            ],
            [
              116.72394086089476,
              3.6312031855704863
            ],
            [
              116.58213792597122,
              3.219367101307935
            ],
            [
              116.38792315045684,
              2.829455655906636
            ],
            [
              116.1446320386519,
              2.4680954341144066
            ],
            [
              115.85641707369231,
              2.1414276122282305
            ],
            [
              115.52818143892524,
              1.855005287260531
            ],
            [
              115.1655004635409,
              1.613699755212736
            ],
            [
              114.77453126635915,
              1.421617431574814
            ],
            [
              114.36191146591591,
              1.2820290781717723
            ],
            [
              113.93464830063519,
              1.1973128879738855
            ],
            [
              113.5,
              1.1689127716770216
            ],
            [
              113.06535169936481,
              1.1973128879738855
            ],
            [
              112.63808853408409,
              1.2820290781717718
            ],
            [
              112.22546873364085,
              1.4216174315748136
            ],
            [
              111.8344995364591,
              1.6136997552127355
            ],
            [
              111.47181856107476,
              1.8550052872605305
            ],
            [
              111.1435829263077,
              2.141427612228229
            ],
            [
              110.85536796134811,
              2.4680954341144057
            ],
            [
              110.61207684954317,
              2.8294556559066337
            ],
            [
              110.41786207402878,
              3.219367101307935
            ],
            [
              110.27605913910526,
              3.6312031855704863
            ],
            [
              110.18913277239567,
              4.0579618744151515
            ],
            [
              110.1586356912546,
              4.4923813340816166
            ],
            [
              110.18518003966975,
              4.927059740467041
            ],
            [
              110.26842174187264,
              5.354577752803997
            ],
            [
              110.40705822841446,
              5.767622146370783
            ],
            [
              110.5988402076839,
              6.15910902894076
            ],
            [
              110.84059831280405,
              6.522304939409926
            ],
            [
              111.1282854859796,
              6.850943959819625
            ],
            [
              111.45703581839194,
              7.139338791172714
            ],
            [
              111.82124021487381,
              7.382483585044478
            ],
            [
              112.21463869971501,
              7.576146226865297
            ],
            [
              112.63042845709138,
              7.716947770592115
            ],
            [
              113.0613858724661,
              7.802426857439964
            ],
            [
              113.5,
              7.8310872283229775
            ]
          ]
        ]
      }
    },
    {
      "type": "Feature",
      "properties": {
        "name": "Singapore",
        "code": "SGP"
      },
      "geometry": {
        "type": "Polygon",
        "coordinates": [
          [
            [
              104.0,
              4.531087228322979
            ],
            [
              104.43589866197627,
              4.502522900191678
            ],
            [
              104.86426317321374,
              4.417325292033699
            ],
            [
              105.27769763536075,
              4.276971188659722
            ],
            [
              105.66907900151165,
              4.083891035948592
            ],
            [
              106.03168462379837,
              3.8414236183304187
            ],
            [
              106.35930982605437,
              3.553754466012163
            ],
            [
              106.64637320726906,
              3.2258396704145773
            ],
            [
              106.888008082347,
              2.8633170381714894
            ],
            [
              107.08013915221844,
              2.47240664148663
            ],
            [
              107.21954408839493,
              2.059802839032153
            ],
            [
              107.30390016101329,
              1.6325597730222907
            ],
            [
              107.33181630503123,
              1.1979722285213312
            ],
            [
              107.3028511066913,
              0.7634536064949459
            ],
            [
              107.21751712891326,
              0.3364126452639351
            ],
            [
              107.0772718285473,
              -0.075869549439728
            ],
            [
              106.88449511248308,
              -0.4663606242192935
            ],
            [
              106.64245339983255,
              -0.8283946680842108
            ],
            [
              106.35524996516257,
              -1.1557848110782394
            ],
            [
              106.02776138075599,
              -1.4429289659982767
            ],
            [
              105.66556008100068,
              -1.6849068532412543
            ],
            [
              105.27482344046935,
              -1.877566397254061
            ],
            [
              104.86223026307648,
              -2.0175976060828473
            ],
            [
              104.43484617203988,
              -2.1025921674622587
            ],
            [
              104.0,
              -2.1310872283229783
            ],
            [
              103.56515382796013,
              -2.1025921674622587
            ],
            [
              103.13776973692353,
              -2.0175976060828478
            ],
            [
              102.72517655953067,
              -1.8775663972540613
            ],
            [
              102.33443991899934,
              -1.6849068532412548
            ],
            [
              101.97223861924402,
              -1.4429289659982771
            ],
            [
              101.64475003483744,
              -1.155784811078241
            ],
            [
              101.35754660016745,
              -0.8283946680842111
            ],
            [
              101.11550488751693,
              -0.4663606242192957
            ],
            [
              100.92272817145272,
              -0.075869549439728
            ],
            [
              100.78248287108676,
              0.3364126452639351
            ],
            [
              100.69714889330871,
              0.7634536064949456
            ],
            [
              100.66818369496879,
              1.1979722285213306
            ],
            [
              100.69609983898673,
              1.6325597730222894
            ],
            [
              100.78045591160509,
              2.0598028390321517
            ],
            [
              100.91986084778158,
              2.472406641486628
            ],
            [
              101.11199191765301,
              2.8633170381714894
            ],
            [
              101.35362679273094,
              3.2258396704145746
            ],
            [
              101.64069017394564,
              3.5537544660121627
            ],
            [
              101.96831537620164,
              3.8414236183304173
            ],
            [
              102.33092099848837,
              4.083891035948591
            ],
            [
              102.72230236463926,
              4.276971188659723
            ],
            [
              103.13573682678627,
              4.417325292033698
            ],
            [
              103.56410133802375,
              4.502522900191678
            ],
            [
              104.0,
              4.531087228322979
            ]
          ]
        ]
      }
    },
    {
      "type": "Feature",
      "properties": {
        "name": "Indonesia",
        "code": "IDN"
      },
      "geometry": {
        "type": "Polygon",
        "coordinates": [
          [
            [
              119.99999999999999,
              1.3310872283229784
            ],
            [
              120.43466573131016,
              1.3026151972314484
            ],
            [
              120.8618903474692,
              1.217688151756363
            ],
            [
              121.2743643902551,
              1.0777643339779157
            ],
            [
              121.66503854474222,
              0.8852447271418601
            ],
            [
              122.02724599813143,
              0.6434297824744314
            ],
            [
              122.35481611082335,
              0.3564604792989838
            ],
            [
              122.64217736394083,
              0.02924520461214796
            ],
            [
              122.88444812857018,
              -0.3326258344687973
            ],
            [
              123.07751436489323,
              -0.7229768321258873
            ],
            [
              123.2180938373195,
              -1.1351513810710547
            ],
            [
              123.30378677563411,
              -1.5621244339705762
            ],
            [
              123.33311309709809,
              -1.9966195041441313
            ],
            [
              123.3055363319969,
              -2.431229474535749
            ],
            [
              123.22147429218684,
              -2.8585394550979024
            ],
            [
              123.08229633631247,
              -3.2712501546199193
            ],
            [
              122.89030687790134,
              -3.6623002020230246
            ],
            [
              122.64871462007423,
              -4.024985765289556
            ],
            [
              122.3615869456331,
              -4.3530756874415975
            ],
            [
              122.03378899293638,
              -4.640920213636191
            ],
            [
              121.6709072337493,
              -4.883551254932636
            ],
            [
              121.27915783903177,
              -5.076772059514335
            ],
            [
              120.86528074202681,
              -5.21723417587152
            ],
            [
              120.43642102635887,
              -5.302499721457187
            ],
            [
              119.99999999999999,
              -5.331087228322978
            ],
            [
              119.56357897364111,
              -5.302499721457187
            ],
            [
              119.13471925797316,
              -5.21723417587152
            ],
            [
              118.72084216096822,
              -5.076772059514336
            ],
            [
              118.32909276625068,
              -4.883551254932636
            ],
            [
              117.9662110070636,
              -4.640920213636191
            ],
            [
              117.63841305436686,
              -4.353075687441598
            ],
            [
              117.35128537992576,
              -4.024985765289557
            ],
            [
              117.10969312209865,
              -3.6623002020230273
            ],
            [
              116.91770366368752,
              -3.2712501546199193
            ],
            [
              116.77852570781315,
              -2.8585394550979024
            ],
            [
              116.69446366800308,
              -2.431229474535749
            ],
            [
              116.6668869029019,
              -1.9966195041441326
            ],
            [
              116.69621322436588,
              -1.5621244339705775
            ],
            [
              116.78190616268046,
              -1.135151381071056
            ],
            [
              116.92248563510675,
              -0.7229768321258894
            ],
            [
              117.1155518714298,
              -0.3326258344687973
            ],
            [
              117.35782263605915,
              0.02924520461214518
            ],
            [
              117.64518388917662,
              0.35646047929898295
            ],
            [
              117.97275400186855,
              0.6434297824744306
            ],
            [
              118.33496145525777,
              0.8852447271418589
            ],
            [
              118.72563560974488,
              1.0777643339779162
            ],
            [
              119.13810965253079,
              1.2176881517563622
            ],
            [
              119.56533426868981,
              1.3026151972314484
            ],
            [
              119.99999999999999,
              1.3310872283229784
            ]
          ]
        ]
      }
    },
    {
      "type": "Feature",
      "properties": {
        "name": "Vietnam",
        "code": "VNM"
      },
      "geometry": {
        "type": "Polygon",
        "coordinates": [
          [
            [
              109.0,
              17.33108722832298
            ],
            [
              109.45514945546266,
              17.302139322161512
            ],
            [
              109.90211662410084,
              17.215817932207987
            ],
            [
              110.33289203598741,
              17.073678718077065
            ],
            [
              110.73980566896716,
              16.87827714149007
            ],
            [
              111.11568171235163,
              16.633114039187934
            ],
            [
              111.45397671980444,
              16.34256233920434
            ],
            [
              111.74889764792574,
              16.01177752018585
            ],
            [
              111.99549765683734,
              15.646594760608744
            ],
            [
              112.1897489019645,
              15.253415857237837
            ],
            [
              112.32859272897826,
              14.839088932964025
            ],
            [
              112.40996859586235,
              14.41078374613002
            ],
            [
              112.43282363821214,
              13.975865110441665
            ],
            [
              112.39710506744895,
              13.541766592042762
            ],
            [
              112.3037375893231,
              13.115866317412811
            ],
            [
              112.15458782244502,
              12.705366439490517
            ],
            [
              111.9524173673196,
              12.317177591856561
            ],
            [
              111.70082580880157,
              11.957809518480122
            ],
            [
              111.40418460128623,
              11.633268992162785
            ],
            [
              111.0675625401175,
              11.348966110405145
            ],
            [
              110.69664339603254,
              11.109630058276922
            ],
            [
              110.29763629006891,
              10.919235426951072
            ],
            [
              109.87717950084969,
              10.78094014872202
            ],
            [
              109.44223859376018,
              10.697036034998094
            ],
            [
              109.0,
              10.668912771677023
            ],
            [
              108.55776140623982,
              10.697036034998094
            ],
            [
              108.12282049915031,
              10.78094014872202
            ],
            [
              107.7023637099311,
              10.919235426951072
            ],
            [
              107.30335660396746,
              11.109630058276922
            ],
            [
              106.9324374598825,
              11.348966110405145
            ],
            [
              106.59581539871378,
              11.633268992162783
            ],
            [
              106.29917419119845,
              11.957809518480122
            ],
            [
              106.0475826326804,
              12.31717759185656
            ],
            [
              105.84541217755498,
              12.705366439490517
            ],
            [
              105.6962624106769,
              13.115866317412811
            ],
            [
              105.60289493255105,
              13.541766592042762
            ],
            [
              105.56717636178786,
              13.975865110441665
            ],
            [
              105.59003140413765,
              14.410783746130017
            ],
            [
              105.67140727102174,
              14.839088932964025
            ],
            [
              105.8102510980355,
              15.253415857237837
            ],
            [
              106.00450234316267,
              15.646594760608744
            ],
            [
              106.25110235207426,
              16.011777520185845
            ],
            [
              106.54602328019556,
              16.34256233920434
            ],
            [
              106.88431828764837,
              16.633114039187934
            ],
            [
              107.26019433103284,
              16.87827714149007
            ],
            [
              107.66710796401259,
              17.07367871807707
            ],
            [
              108.09788337589914,
              17.215817932207987
            ],
            [
              108.54485054453734,
              17.302139322161512
            ],
            [
              109.0,
              17.33108722832298
            ]
          ]
        ]
      }
    },
    {
      "type": "Feature",
      "properties": {
        "name": "Philippines",
        "code": "PHL"
      },
      "geometry": {
        "type": "Polygon",
        "coordinates": [
          [
            [
              123.00000000000001,
              15.831087228322977
            ],
            [
              123.45162159592905,
              15.80218627835162
            ],
            [
              123.89516291754609,
              15.716002400727964
            ],
            [
              124.32271158379176,
              15.574081441696936
            ],
            [
              124.72668517846338,
              15.378963335949596
            ],
            [
              125.09998214479333,
              15.134128846045922
            ],
            [
              125.43611701402418,
              14.843927768242583
            ],
            [
              125.72933662620652,
              14.513491080655932
            ],
            [
              125.9747152795875,
              14.148629846028621
            ],
            [
              126.16822800029126,
              13.755723815851647
            ],
            [
              126.306802223616,
              13.341602636456981
            ],
            [
              126.3883490280497,
              12.913422371053317
            ],
            [
              126.4117756163523,
              12.478539775198394
            ],
            [
              126.37698099496302,
              12.044386449371947
            ],
            [
              126.28483680281924,
              11.618344687810742
            ],
            [
              126.13715504951492,
              11.207626582934012
            ],
            [
              125.93664421987992,
              10.819157750506443
            ],
            [
              125.68685486728054,
              10.459466918164981
            ],
            [
              125.39211552096175,
              10.134582561525578
            ],
            [
              125.05745952587073,
              9.849937759598529
            ],
            [
              124.68854334711334,
              9.610284449735033
            ],
            [
              124.29155691287924,
              9.419618264441635
            ],
            [
              123.87312672496395,
              9.28111510265424
            ],
            [
              123.44021270270282,
              9.197080506669694
            ],
            [
              123.00000000000001,
              9.168912771677022
            ],
            [
              122.55978729729719,
              9.197080506669694
            ],
            [
              122.12687327503606,
              9.28111510265424
            ],
            [
              121.70844308712077,
              9.419618264441635
            ],
            [
              121.31145665288668,
              9.610284449735033
            ],
            [
              120.94254047412929,
              9.849937759598529
            ],
            [
              120.60788447903826,
              10.134582561525576
            ],
            [
              120.31314513271947,
              10.459466918164981
            ],
            [
              120.06335578012009,
              10.819157750506442
            ],
            [
              119.8628449504851,
              11.207626582934012
            ],
            [
              119.71516319718077,
              11.618344687810742
            ],
            [
              119.623019005037,
              12.044386449371947
            ],
            [
              119.58822438364771,
              12.478539775198394
            ],
            [
              119.61165097195031,
              12.913422371053317
            ],
            [
              119.69319777638401,
              13.34160263645698
            ],
            [
              119.83177199970875,
              13.755723815851645
            ],
            [
              120.02528472041253,
              14.148629846028621
            ],
            [
              120.2706633737935,
              14.513491080655932
            ],
            [
              120.56388298597584,
              14.843927768242583
            ],
            [
              120.90001785520668,
              15.134128846045922
            ],
            [
              121.27331482153663,
              15.378963335949596
            ],
            [
              121.67728841620826,
              15.574081441696936
            ],
            [
              122.10483708245393,
              15.716002400727964
            ],
            [
              122.54837840407096,
              15.80218627835162
            ],
            [
              123.00000000000001,
              15.831087228322977
            ]
          ]
        ]
      }
    },
    {
      "type": "Feature",
      "properties": {
        "name": "China",
        "code": "CHN"
      },
      "geometry": {
        "type": "Polygon",
        "coordinates": [
          [
            [
              121.0,
              25.83108722832298
            ],
            [
              121.48267479514098,
              25.801855950919744
            ],
            [
              121.95642179760823,
              25.714705041684915
            ],
            [
              122.4125204251264,
              25.571250323995688
            ],
            [
              122.8426557225432,
              25.37414228597729
            ],
            [
              123.2390999920349,
              25.127004296202387
            ],
            [
              123.59487112352579,
              24.834349978448586
            ],
            [
              123.9038630525466,
              24.50148316097396
            ],
            [
              124.16094590567148,
              24.13438422099852
            ],
            [
              124.36203545135888,
              23.739586747157617
            ],
            [
              124.5041332348056,
              23.324048279288903
            ],
            [
              124.58534009305203,
              22.89501852074763
            ],
            [
              124.60484656032118,
              22.459907931243546
            ],
            [
              124.56290400087816,
              22.026159075090796
            ],
            [
              124.46078022391866,
              21.601122586580743
            ],
            [
              124.30070295300918,
              21.19193916880348
            ],
            [
              124.0857939631718,
              20.805428692127247
            ],
            [
              123.81999607547068,
              20.447987211752675
            ],
            [
              123.50799460471401,
              20.1254925722982
            ],
            [
              123.1551343560623,
              19.84321919184794
            ],
            [
              122.76733289758862,
              19.605762592512136
            ],
            [
              122.35099060834614,
              19.416974241864544
            ],
            [
              121.91289790362917,
              19.279907264557398
            ],
            [
              121.46014004343324,
              19.196773556361016
            ],
            [
              121.0,
              19.168912771677025
            ],
            [
              120.53985995656677,
              19.196773556361016
            ],
            [
              120.08710209637083,
              19.279907264557398
            ],
            [
              119.64900939165388,
              19.416974241864544
            ],
            [
              119.2326671024114,
              19.605762592512136
            ],
            [
              118.84486564393771,
              19.84321919184794
            ],
            [
              118.492005395286,
              20.125492572298196
            ],
            [
              118.18000392452932,
              20.447987211752675
            ],
            [
              117.9142060368282,
              20.805428692127247
            ],
            [
              117.69929704699084,
              21.19193916880348
            ],
            [
              117.53921977608135,
              21.601122586580743
            ],
            [
              117.43709599912185,
              22.026159075090796
            ],
            [
              117.39515343967884,
              22.459907931243546
            ],
            [
              117.41465990694799,
              22.895018520747627
            ],
            [
              117.49586676519442,
              23.324048279288903
            ],
            [
              117.63796454864112,
              23.73958674715761
            ],
            [
              117.83905409432853,
              24.13438422099852
            ],
            [
              118.09613694745342,
              24.501483160973958
            ],
            [
              118.40512887647422,
              24.834349978448586
            ],
            [
              118.76090000796512,
              25.127004296202387
            ],
            [
              119.1573442774568,
              25.374142285977285
            ],
            [
              119.5874795748736,
              25.571250323995688
            ],
            [
              120.04357820239179,
              25.714705041684915
            ],
            [
              120.51732520485903,
              25.801855950919744
            ],
            [
              121.0,
              25.83108722832298
            ]
          ]
        ]
      }
    },
    {
      "type": "Feature",
      "properties": {
        "name": "Japan",
        "code": "JPN"
      },
      "geometry": {
        "type": "Polygon",
        "coordinates": [
          [
            [
              140.0,
              38.33108722832297
            ],
            [
              140.5537425794973,
              38.30135112228421
            ],
            [
              141.09672190120435,
              38.21272388155379
            ],
            [
              141.6184655072534,
              38.0669325553995
            ],
            [
              142.10906686284244,
              37.86680256323717
            ],
            [
              142.5594308287118,
              37.6161814010892
            ],
            [
              142.9614786166787,
              37.31983784381992
            ],
            [
              143.3083053524026,
              36.98334182538358
            ],
            [
              143.59428762126606,
              36.61293064335097
            ],
            [
              143.815142299422,
              36.2153670867125
            ],
            [
              143.9679411278208,
              35.79779461533814
            ],
            [
              144.0510876261314,
              35.3675939554705
            ],
            [
              144.06426402066026,
              34.932244560761426
            ],
            [
              144.0083559920132,
              34.499193452615756
            ],
            [
              143.88536245153315,
              34.07573309784209
            ],
            [
              143.69829648617562,
              33.66888927051233
            ],
            [
              143.45108231348294,
              33.28531930789256
            ],
            [
              143.14845176207962,
              32.93122080757461
            ],
            [
              142.79584258124618,
              32.612250604158156
            ],
            [
              142.39929987011863,
              32.333453776795814
            ],
            [
              141.96538113740192,
              32.09920243708696
            ],
            [
              141.50106495276472,
              31.91314409507497
            ],
            [
              141.01366280255743,
              31.778159469616977
            ],
            [
              140.51073357240702,
              31.69632967574521
            ],
            [
              140.0,
              31.66891277167702
            ],
            [
              139.48926642759298,
              31.69632967574521
            ],
            [
              138.98633719744254,
              31.778159469616977
            ],
            [
              138.49893504723525,
              31.91314409507497
            ],
            [
              138.03461886259805,
              32.09920243708696
            ],
            [
              137.60070012988137,
              32.333453776795814
            ],
            [
              137.2041574187538,
              32.612250604158156
            ],
            [
              136.85154823792038,
              32.93122080757461
            ],
            [
              136.54891768651706,
              33.28531930789256
            ],
            [
              136.30170351382438,
              33.66888927051233
            ],
            [
              136.11463754846682,
              34.07573309784209
            ],
            [
              135.9916440079868,
              34.499193452615756
            ],
            [
              135.93573597933974,
              34.932244560761426
            ],
            [
              135.94891237386858,
              35.3675939554705
            ],
            [
              136.0320588721792,
              35.79779461533814
            ],
            [
              136.18485770057796,
              36.2153670867125
            ],
            [
              136.4057123787339,
              36.61293064335097
            ],
            [
              136.69169464759736,
              36.98334182538357
            ],
            [
              137.0385213833213,
              37.31983784381992
            ],
            [
              137.44056917128816,
              37.6161814010892
            ],
            [
              137.89093313715756,
              37.86680256323717
            ],
            [
              138.3815344927466,
              38.0669325553995
            ],
            [
              138.90327809879562,
              38.21272388155379
            ],
            [
              139.44625742050266,
              38.30135112228421
            ],
            [
              140.0,
              38.33108722832297
            ]
          ]
        ]
      }
    },
    {
      "type": "Feature",
      "properties": {
        "name": "South Korea",
        "code": "KOR"
      },
      "geometry": {
        "type": "Polygon",
        "coordinates": [
          [
            [
              128.0,
              38.83108722832298
            ],
            [
              128.55760685206366,
              38.80132760853676
            ],
            [
              129.10435063064753,
              38.712631650030595
            ],
            [
              129.62966371522856,
              38.566731710132146
            ],
            [
              130.12355330808282,
              38.36646153261341
            ],
            [
              130.57685039830943,
              38.11567923297253
            ],
            [
              130.9814172078757,
              37.81916560550743
            ],
            [
              131.33030612564684,
              37.48250302711145
            ],
            [
              131.61786751598052,
              37.111940697642396
            ],
            [
              131.83980782426173,
              36.714251898991044
            ],
            [
              131.993202634487,
              36.296588465841445
            ],
            [
              132.07647151265778,
              35.866336874532166
            ],
            [
              132.08932255190604,
              35.43097941867231
            ],
            [
              132.03267464521568,
              34.99796298406757
            ],
            [
              131.9085648764612,
              34.57457706361054
            ],
            [
              131.72004730546482,
              34.16784193033642
            ],
            [
              131.47108807936894,
              33.7844073429642
            ],
            [
              131.16646043607983,
              33.430461792420544
            ],
            [
              130.81164192083554,
              33.11165208879175
            ],
            [
              130.4127150990124,
              32.83301300277051
            ],
            [
              129.97627225082988,
              32.598906676722166
            ],
            [
              129.50932397185008,
              32.41297157238822
            ],
            [
              129.01921124685882,
              32.27808079483272
            ],
            [
              128.51352036977,
              32.19630970296962
            ],
            [
              128.0,
              32.16891277167703
            ],
            [
              127.48647963023002,
              32.19630970296962
            ],
            [
              126.9807887531412,
              32.27808079483272
            ],
            [
              126.49067602814992,
              32.41297157238822
            ],
            [
              126.02372774917012,
              32.598906676722166
            ],
            [
              125.5872849009876,
              32.83301300277051
            ],
            [
              125.18835807916446,
              33.11165208879175
            ],
            [
              124.83353956392018,
              33.430461792420544
            ],
            [
              124.52891192063107,
              33.7844073429642
            ],
            [
              124.27995269453517,
              34.16784193033642
            ],
            [
              124.09143512353879,
              34.57457706361054
            ],
            [
              123.96732535478432,
              34.99796298406757
            ],
            [
              123.91067744809395,
              35.43097941867231
            ],
            [
              123.92352848734222,
              35.866336874532166
            ],
            [
              124.00679736551298,
              36.296588465841445
            ],
            [
              124.16019217573827,
              36.71425189899104
            ],
            [
              124.3821324840195,
              37.111940697642396
            ],
            [
              124.66969387435317,
              37.48250302711145
            ],
            [
              125.01858279212432,
              37.81916560550743
            ],
            [
              125.42314960169055,
              38.11567923297253
            ],
            [
              125.87644669191715,
              38.3664615326134
            ],
            [
              126.37033628477145,
              38.566731710132146
            ],
            [
              126.89564936935247,
              38.712631650030595
            ],
            [
              127.44239314793633,
              38.80132760853676
            ],
            [
              128.0,
              38.83108722832298
            ]
          ]
        ]
      }
    },
    {
      "type": "Feature",
      "properties": {
        "name": "North Korea",
        "code": "PRK"
      },
      "geometry": {
        "type": "Polygon",
        "coordinates": [
          [
            [
              128.0,
              43.33108722832298
            ],
            [
              128.59711627676177,
              43.30109964044577
            ],
            [
              129.18234195604637,
              43.21173767258883
            ],
            [
              129.74413074687877,
              43.06478573716382
            ],
            [
              130.27160448096487,
              42.86315909891921
            ],
            [
              130.75483835727815,
              42.610819652165894
            ],
            [
              131.18509389963762,
              42.312665320524644
            ],
            [
              131.55499145111057,
              41.974399303418565
            ],
            [
              131.85861982599903,
              41.60238585641263
            ],
            [
              132.09158595636063,
              41.20349911488293
            ],
            [
              132.2510114028185,
              40.78497078075285
            ],
            [
              132.3354851546702,
              40.35424146785468
            ],
            [
              132.34498322288064,
              39.91881932895118
            ],
            [
              132.28076535315842,
              39.48614842844898
            ],
            [
              132.1452580982937,
              39.06348829775539
            ],
            [
              131.94193186097255,
              38.65780528422899
            ],
            [
              131.67517768226134,
              38.27567570417942
            ],
            [
              131.35018776130352,
              37.923200425481156
            ],
            [
              130.9728421146406,
              37.60593030408794
            ],
            [
              130.5496025043504,
              37.32880183828328
            ],
            [
              130.08741380459338,
              37.096082440159066
            ],
            [
              129.59361231390676,
              36.91132481498914
            ],
            [
              129.0758401075451,
              36.77733005291181
            ],
            [
              128.5419643007866,
              36.69611914987978
            ],
            [
              128.0,
              36.66891277167702
            ],
            [
              127.45803569921343,
              36.69611914987978
            ],
            [
              126.9241598924549,
              36.77733005291181
            ],
            [
              126.40638768609324,
              36.91132481498914
            ],
            [
              125.91258619540662,
              37.096082440159066
            ],
            [
              125.4503974956496,
              37.32880183828328
            ],
            [
              125.02715788535941,
              37.60593030408794
            ],
            [
              124.64981223869648,
              37.923200425481156
            ],
            [
              124.32482231773866,
              38.27567570417942
            ],
            [
              124.05806813902745,
              38.65780528422899
            ],
            [
              123.85474190170629,
              39.06348829775539
            ],
            [
              123.71923464684158,
              39.48614842844898
            ],
            [
              123.65501677711936,
              39.91881932895118
            ],
            [
              123.66451484532979,
              40.35424146785468
            ],
            [
              123.74898859718151,
              40.78497078075284
            ],
            [
              123.90841404363937,
              41.20349911488292
            ],
            [
              124.14138017400097,
              41.60238585641263
            ],
            [
              124.44500854888945,
              41.974399303418565
            ],
            [
              124.81490610036238,
              42.312665320524644
            ],
            [
              125.24516164272185,
              42.610819652165894
            ],
            [
              125.7283955190351,
              42.86315909891921
            ],
            [
              126.25586925312125,
              43.06478573716382
            ],
            [
              126.81765804395364,
              43.21173767258883
            ],
            [
              127.40288372323823,
              43.30109964044577
            ],
            [
              128.0,
              43.33108722832298
            ]
          ]
        ]
      }
    },
    {
      "type": "Feature",
      "properties": {
        "name": "Russia (Far East)",
        "code": "RUS_FE"
      },
      "geometry": {
        "type": "Polygon",
        "coordinates": [
          [
            [
              143.0,
              51.331087228322986
            ],
            [
              143.69503500043868,
              51.30059560169692
            ],
            [
              144.3755560465031,
              51.20976249080272
            ],
            [
              145.02752702549148,
              51.06049124906686
            ],
            [
              145.6378337632901,
              50.85588263867465
            ],
            [
              146.1946652127748,
              50.600133235901374
            ],
            [
              146.68781075019186,
              50.298403643141086
            ],
            [
              147.1088627115752,
              49.95666517270624
            ],
            [
              147.4513234831633,
              49.58153404189415
            ],
            [
              147.71062510809588,
              49.180101541312304
            ],
            [
              147.88407547311323,
              48.759767359554644
            ],
            [
              147.97074836152288,
              48.32808157660698
            ],
            [
              147.9713352501924,
              47.8925990715125
            ],
            [
              147.88797530383584,
              47.46074845871077
            ],
            [
              147.72407733091202,
              47.03971631865322
            ],
            [
              147.48414421732815,
              46.63634648562091
            ],
            [
              147.17360709859486,
              46.257053497571874
            ],
            [
              146.7986736301164,
              45.90774895522213
            ],
            [
              146.36619235496173,
              45.593779415248285
            ],
            [
              145.8835333983702,
              45.31987448582577
            ],
            [
              145.35848449767522,
              45.09010393825935
            ],
            [
              144.79916061504693,
              44.90784284464791
            ],
            [
              144.21392496946817,
              44.77574396051234
            ],
            [
              143.6113191560185,
              44.69571676850662
            ],
            [
              143.0,
              44.66891277167703
            ],
            [
              142.3886808439815,
              44.69571676850662
            ],
            [
              141.78607503053186,
              44.77574396051234
            ],
            [
              141.2008393849531,
              44.90784284464791
            ],
            [
              140.64151550232478,
              45.09010393825935
            ],
            [
              140.11646660162984,
              45.31987448582577
            ],
            [
              139.63380764503833,
              45.59377941524827
            ],
            [
              139.20132636988362,
              45.90774895522213
            ],
            [
              138.82639290140517,
              46.25705349757186
            ],
            [
              138.51585578267188,
              46.63634648562091
            ],
            [
              138.275922669088,
              47.03971631865322
            ],
            [
              138.11202469616418,
              47.46074845871077
            ],
            [
              138.02866474980763,
              47.8925990715125
            ],
            [
              138.02925163847715,
              48.32808157660698
            ],
            [
              138.1159245268868,
              48.759767359554644
            ],
            [
              138.28937489190415,
              49.180101541312304
            ],
            [
              138.54867651683674,
              49.58153404189415
            ],
            [
              138.8911372884248,
              49.95666517270624
            ],
            [
              139.31218924980817,
              50.29840364314107
            ],
            [
              139.80533478722523,
              50.600133235901374
            ],
            [
              140.36216623670992,
              50.85588263867465
            ],
            [
              140.97247297450852,
              51.06049124906686
            ],
            [
              141.62444395349692,
              51.20976249080272
            ],
            [
              142.30496499956135,
              51.30059560169692
            ],
            [
              143.0,
              51.331087228322986
            ]
          ]
        ]
      }
    },
    {
      "type": "Feature",
      "properties": {
        "name": "Australia",
        "code": "AUS"
      },
      "geometry": {
        "type": "Polygon",
        "coordinates": [
          [
            [
              134.0,
              -19.66891277167702
            ],
            [
              134.46155998316115,
              -19.69675738282171
            ],
            [
              134.91572795598694,
              -19.779843604254708
            ],
            [
              135.355210436125,
              -19.9168348208891
            ],
            [
              135.77291034102493,
              -20.10552399834236
            ],
            [
              136.1620235958006,
              -20.34286440080337
            ],
            [
              136.51613395174854,
              -20.625012087086404
            ],
            [
              136.82930557984614,
              -20.94737973503091
            ],
            [
              137.0961730651233,
              -21.30470128748884
            ],
            [
              137.31202842217604,
              -21.691106889259743
            ],
            [
              137.47290464266612,
              -22.10020758125716
            ],
            [
              137.5756550449131,
              -22.52518921624453
            ],
            [
              137.61802731185205,
              -22.958915034505416
            ],
            [
              137.59873058683598,
              -23.39403626021869
            ],
            [
              137.5174933839233,
              -23.82310992410054
            ],
            [
              137.3751094266381,
              -24.238722865419522
            ],
            [
              137.17346795107824,
              -24.63362050861045
            ],
            [
              136.9155646116971,
              -25.00083855443697
            ],
            [
              136.60548903595668,
              -25.333835200721825
            ],
            [
              136.24838540160695,
              -25.626620961636313
            ],
            [
              135.85038323694388,
              -25.873882654387515
            ],
            [
              135.41849698918523,
              -26.071097746564096
            ],
            [
              134.9604947078956,
              -26.214635085913947
            ],
            [
              134.48473829972684,
              -26.301838133344205
            ],
            [
              134.0,
              -26.33108722832298
            ],
            [
              133.5152617002732,
              -26.301838133344205
            ],
            [
              133.03950529210442,
              -26.21463508591395
            ],
            [
              132.5815030108148,
              -26.071097746564096
            ],
            [
              132.14961676305614,
              -25.873882654387515
            ],
            [
              131.75161459839308,
              -25.626620961636313
            ],
            [
              131.39451096404335,
              -25.33383520072183
            ],
            [
              131.08443538830292,
              -25.000838554436974
            ],
            [
              130.8265320489218,
              -24.633620508610452
            ],
            [
              130.62489057336194,
              -24.238722865419522
            ],
            [
              130.48250661607673,
              -23.82310992410054
            ],
            [
              130.40126941316404,
              -23.39403626021869
            ],
            [
              130.38197268814798,
              -22.958915034505416
            ],
            [
              130.42434495508692,
              -22.52518921624453
            ],
            [
              130.5270953573339,
              -22.10020758125716
            ],
            [
              130.68797157782396,
              -21.691106889259746
            ],
            [
              130.90382693487672,
              -21.30470128748884
            ],
            [
              131.1706944201539,
              -20.94737973503091
            ],
            [
              131.48386604825146,
              -20.625012087086404
            ],
            [
              131.83797640419942,
              -20.34286440080337
            ],
            [
              132.22708965897507,
              -20.10552399834236
            ],
            [
              132.64478956387504,
              -19.9168348208891
            ],
            [
              133.0842720440131,
              -19.77984360425471
            ],
            [
              133.53844001683888,
              -19.69675738282171
            ],
            [
              134.0,
              -19.66891277167702
            ]
          ]
        ]
      }
    },
    {
      "type": "Feature",
      "properties": {
        "name": "New Zealand",
        "code": "NZL"
      },
      "geometry": {
        "type": "Polygon",
        "coordinates": [
          [
            [
              174.0,
              -37.66891277167702
            ],
            [
              174.54919104012177,
              -37.696073819064
            ],
            [
              175.0902276048677,
              -37.77715142279883
            ],
            [
              175.6150267982648,
              -37.910932859506126
            ],
            [
              176.11565021707753,
              -38.09540991822654
            ],
            [
              176.5843795473208,
              -38.327798473471205
            ],
            [
              177.01379620811613,
              -38.60456606746376
            ],
            [
              177.39686639065442,
              -38.92146771931551
            ],
            [
              177.72703274743813,
              -39.27359028518368
            ],
            [
              177.99831376176033,
              -39.65540581588435
            ],
            [
              178.20541140582804,
              -40.06083448247843
            ],
            [
              178.34382701410922,
              -40.483317742013014
            ],
            [
              178.4099843029575,
              -40.91590246127879
            ],
            [
              178.40135713067735,
              -41.35133666429999
            ],
            [
              178.31659793136956,
              -41.78217737263572
            ],
            [
              178.15566085539197,
              -42.20091062102975
            ],
            [
              177.9199116796227,
              -42.600083119489234
            ],
            [
              177.61221477863822,
              -42.97244418375927
            ],
            [
              177.23698622680772,
              -43.311095492068354
            ],
            [
              176.80020183273177,
              -43.609645016554765
            ],
            [
              176.3093499686719,
              -43.862360245004936
            ],
            [
              175.7733217003796,
              -44.06431472167976
            ],
            [
              175.20223496344815,
              -44.21152119173805
            ],
            [
              174.60719506774612,
              -44.301044421788596
            ],
            [
              174.0,
              -44.331087228322986
            ],
            [
              173.39280493225385,
              -44.301044421788596
            ],
            [
              172.79776503655182,
              -44.21152119173805
            ],
            [
              172.22667829962037,
              -44.06431472167976
            ],
            [
              171.69065003132806,
              -43.862360245004936
            ],
            [
              171.1997981672682,
              -43.609645016554765
            ],
            [
              170.76301377319228,
              -43.311095492068354
            ],
            [
              170.38778522136175,
              -42.97244418375927
            ],
            [
              170.08008832037729,
              -42.600083119489234
            ],
            [
              169.84433914460803,
              -42.20091062102975
            ],
            [
              169.68340206863041,
              -41.78217737263572
            ],
            [
              169.59864286932262,
              -41.35133666429999
            ],
            [
              169.5900156970425,
              -40.91590246127879
            ],
            [
              169.65617298589078,
              -40.483317742013014
            ],
            [
              169.79458859417193,
              -40.06083448247843
            ],
            [
              170.00168623823967,
              -39.65540581588435
            ],
            [
              170.27296725256184,
              -39.27359028518368
            ],
            [
              170.60313360934558,
              -38.92146771931551
            ],
            [
              170.98620379188384,
              -38.60456606746376
            ],
            [
              171.4156204526792,
              -38.327798473471205
            ],
            [
              171.88434978292247,
              -38.09540991822655
            ],
            [
              172.38497320173516,
              -37.910932859506126
            ],
            [
              172.90977239513228,
              -37.77715142279883
            ],
            [
              173.4508089598782,
              -37.696073819064
            ],
            [
              174.0,
              -37.66891277167702
            ]
          ]
        ]
      }
    },
    {
      "type": "Feature",
      "properties": {
        "name": "Papua New Guinea",
        "code": "PNG"
      },
      "geometry": {
        "type": "Polygon",
        "coordinates": [
          [
            [
              145.0,
              -2.168912771677021
            ],
            [
              145.4348731528597,
              -2.1972841006568613
            ],
            [
              145.86237960080197,
              -2.2819158757722184
            ],
            [
              146.27527773125647,
              -2.421369894616819
            ],
            [
              146.66657342987307,
              -2.6132770463873136
            ],
            [
              147.0296372878813,
              -2.854378409929014
            ],
            [
              147.35831442199424,
              -3.1405813687780877
            ],
            [
              147.6470251425641,
              -3.4670294545725238
            ],
            [
              147.8908551713449,
              -3.8281844302230046
            ],
            [
              148.0856345528231,
              -4.217919014997737
            ],
            [
              148.22800476519876,
              -4.6296186235471515
            ],
            [
              148.31547377658754,
              -5.0562905179406386
            ],
            [
              148.3464588881065,
              -5.490678827521746
            ],
            [
              148.3203171616965,
              -5.925383945352429
            ],
            [
              148.23736307421052,
              -6.352984834543221
            ],
            [
              148.09887281831882,
              -6.766162752333667
            ],
            [
              147.90707444750763,
              -7.15782481448067
            ],
            [
              147.6651229056644,
              -7.521225680185103
            ],
            [
              147.37705895714856,
              -7.850085454619253
            ],
            [
              147.04775119327812,
              -8.13870171035242
            ],
            [
              146.68282066532927,
              -8.382053357755865
            ],
            [
              146.28854828138816,
              -8.57589398895749
            ],
            [
              145.87176586915015,
              -8.716832319108669
            ],
            [
              145.43973268030814,
              -8.802397482842498
            ],
            [
              145.0,
              -8.831087228322978
            ],
            [
              144.5602673196919,
              -8.802397482842498
            ],
            [
              144.12823413084988,
              -8.716832319108669
            ],
            [
              143.71145171861187,
              -8.575893988957493
            ],
            [
              143.31717933467075,
              -8.382053357755865
            ],
            [
              142.9522488067219,
              -8.13870171035242
            ],
            [
              142.62294104285147,
              -7.850085454619255
            ],
            [
              142.33487709433564,
              -7.521225680185103
            ],
            [
              142.0929255524924,
              -7.157824814480672
            ],
            [
              141.9011271816812,
              -6.766162752333667
            ],
            [
              141.7626369257895,
              -6.352984834543221
            ],
            [
              141.67968283830353,
              -5.925383945352429
            ],
            [
              141.65354111189353,
              -5.490678827521747
            ],
            [
              141.6845262234125,
              -5.056290517940639
            ],
            [
              141.77199523480127,
              -4.629618623547153
            ],
            [
              141.91436544717692,
              -4.217919014997739
            ],
            [
              142.10914482865513,
              -3.8281844302230046
            ],
            [
              142.35297485743592,
              -3.467029454572526
            ],
            [
              142.6416855780058,
              -3.140581368778088
            ],
            [
              142.97036271211874,
              -2.8543784099290144
            ],
            [
              143.33342657012693,
              -2.613277046387315
            ],
            [
              143.72472226874356,
              -2.421369894616819
            ],
            [
              144.13762039919806,
              -2.2819158757722193
            ],
            [
              144.56512684714033,
              -2.1972841006568613
            ],
            [
              145.0,
              -2.168912771677021
            ]
          ]
        ]
      }
    },
    {
      "type": "Feature",
      "properties": {
        "name": "Solomon Islands",
        "code": "SLB"
      },
      "geometry": {
        "type": "Polygon",
        "coordinates": [
          [
            [
              160.0,
              -5.1689127716770225
            ],
            [
              160.4363473319415,
              -5.197197436328796
            ],
            [
              160.86537002769884,
              -5.281575044318951
            ],
            [
              161.2798633650811,
              -5.420624479836363
            ],
            [
              161.67286014918068,
              -5.612003833529801
            ],
            [
              162.037743869586,
              -5.852489678724108
            ],
            [
              162.36835551424716,
              -6.138030813059306
            ],
            [
              162.65909250227048,
              -6.463815336929116
            ],
            [
              162.9049985756157,
              -6.82434976379038
            ],
            [
              163.10184383891723,
              -7.213548759063076
            ],
            [
              163.24619440652643,
              -7.624834072631923
            ],
            [
              163.33547126911353,
              -8.051241244122311
            ],
            [
              163.36799801110578,
              -8.485532693261344
            ],
            [
              163.34303690007343,
              -8.92031583094594
            ],
            [
              163.26081265835754,
              -9.348164813940876
            ],
            [
              163.12252296493926,
              -9.761744498173746
            ],
            [
              162.93033448644047,
              -10.153935013681108
            ],
            [
              162.68736307258857,
              -10.51795519269558
            ],
            [
              162.39763674372338,
              -10.847482849351012
            ],
            [
              162.0660403029759,
              -11.136769666116624
            ],
            [
              161.69824085618754,
              -11.380748229227487
            ],
            [
              161.30059421732238,
              -11.575128618575318
            ],
            [
              160.8800330757878,
              -11.716481940188054
            ],
            [
              160.4439388260489,
              -11.80230832546927
            ],
            [
              160.0,
              -11.831087228322978
            ],
            [
              159.5560611739511,
              -11.80230832546927
            ],
            [
              159.1199669242122,
              -11.716481940188054
            ],
            [
              158.69940578267762,
              -11.575128618575318
            ],
            [
              158.30175914381246,
              -11.380748229227487
            ],
            [
              157.9339596970241,
              -11.136769666116624
            ],
            [
              157.6023632562766,
              -10.847482849351016
            ],
            [
              157.31263692741143,
              -10.517955192695581
            ],
            [
              157.0696655135595,
              -10.15393501368111
            ],
            [
              156.87747703506074,
              -9.761744498173746
            ],
            [
              156.73918734164243,
              -9.348164813940876
            ],
            [
              156.65696309992657,
              -8.92031583094594
            ],
            [
              156.63200198889422,
              -8.485532693261344
            ],
            [
              156.66452873088647,
              -8.051241244122313
            ],
            [
              156.75380559347357,
              -7.624834072631924
            ],
            [
              156.89815616108274,
              -7.213548759063078
            ],
            [
              157.0950014243843,
              -6.82434976379038
            ],
            [
              157.34090749772952,
              -6.46381533692912
            ],
            [
              157.63164448575284,
              -6.1380308130593075
            ],
            [
              157.962256130414,
              -5.852489678724109
            ],
            [
              158.3271398508193,
              -5.612003833529802
            ],
            [
              158.7201366349189,
              -5.420624479836362
            ],
            [
              159.13462997230116,
              -5.281575044318952
            ],
            [
              159.5636526680585,
              -5.197197436328796
            ],
            [
              160.0,
              -5.1689127716770225
            ]
          ]
        ]
      }
    },
    {
      "type": "Feature",
      "properties": {
        "name": "Fiji",
        "code": "FJI"
      },
      "geometry": {
        "type": "Polygon",
        "coordinates": [
          [
            [
              178.0,
              -14.46891277167702
            ],
            [
              178.44884439308007,
              -14.496921235451163
            ],
            [
              178.89037237370894,
              -14.580488457655381
            ],
            [
              179.3173732630008,
              -14.718246798709151
            ],
            [
              179.72284662995727,
              -14.907939636472028
            ],
            [
              180.10010444317916,
              -15.146455138179302
            ],
            [
              180.4428698522453,
              -15.429872788404877
            ],
            [
              180.74537175664858,
              -15.75352199556211
            ],
            [
              181.00243447679475,
              -16.112051998640258
            ],
            [
              181.2095619470413,
              -16.49951224114658
            ],
            [
              181.36301586651675,
              -16.909442359033218
            ],
            [
              181.4598871413151,
              -17.33497092439701
            ],
            [
              181.49815971985902,
              -17.768922072208643
            ],
            [
              181.47676557134523,
              -18.20392908650103
            ],
            [
              181.3956291190398,
              -18.632553910674094
            ],
            [
              181.25569897423298,
              -19.04741135579099
            ],
            [
              181.05896440296925,
              -19.44129650386787
            ],
            [
              180.8084536908923,
              -19.807313447808408
            ],
            [
              180.50821154934854,
              -20.139003100410033
            ],
            [
              180.1632530133088,
              -20.430467383459426
            ],
            [
              179.7794919729872,
              -20.67648673028023
            ],
            [
              179.36364356227955,
              -20.872627565288436
            ],
            [
              178.9231010434025,
              -21.015336325291422
            ],
            [
              178.46578945931125,
              -21.102016710644453
            ],
            [
              178.0,
              -21.13108722832298
            ],
            [
              177.53421054068872,
              -21.102016710644453
            ],
            [
              177.07689895659746,
              -21.015336325291422
            ],
            [
              176.63635643772045,
              -20.872627565288436
            ],
            [
              176.22050802701284,
              -20.67648673028023
            ],
            [
              175.83674698669117,
              -20.430467383459426
            ],
            [
              175.49178845065146,
              -20.139003100410036
            ],
            [
              175.1915463091077,
              -19.807313447808408
            ],
            [
              174.94103559703075,
              -19.441296503867875
            ],
            [
              174.74430102576702,
              -19.04741135579099
            ],
            [
              174.6043708809602,
              -18.632553910674094
            ],
            [
              174.52323442865477,
              -18.20392908650103
            ],
            [
              174.50184028014098,
              -17.768922072208643
            ],
            [
              174.5401128586849,
              -17.334970924397012
            ],
            [
              174.63698413348322,
              -16.909442359033218
            ],
            [
              174.7904380529587,
              -16.499512241146583
            ],
            [
              174.99756552320522,
              -16.112051998640258
            ],
            [
              175.25462824335142,
              -15.753521995562114
            ],
            [
              175.55713014775466,
              -15.429872788404877
            ],
            [
              175.8998955568208,
              -15.146455138179306
            ],
            [
              176.27715337004273,
              -14.907939636472028
            ],
            [
              176.68262673699917,
              -14.718246798709151
            ],
            [
              177.10962762629103,
              -14.580488457655381
            ],
            [
              177.5511556069199,
              -14.496921235451163
            ],
            [
              178.0,
              -14.46891277167702
            ]
          ]
        ]
      }
    },
    {
      "type": "Feature",
      "properties": {
        "name": "Vanuatu",
        "code": "VUT"
      },
      "geometry": {
        "type": "Polygon",
        "coordinates": [
          [
            [
              167.0,
              -12.668912771677022
            ],
            [
              167.44544649487992,
              -12.69697603979132
            ],
            [
              167.88358924974747,
              -12.780704102581183
            ],
            [
              168.307232837188,
              -12.91871882766547
            ],
            [
              168.70939703608457,
              -13.10874683981238
            ],
            [
              169.08342097469418,
              -13.347654349078368
            ],
            [
              169.42306334871432,
              -13.631495068149013
            ],
            [
              169.72259773608647,
              -13.955570458767015
            ],
            [
              169.97690222431592,
              -14.314501431429296
            ],
            [
              170.18154271400468,
              -14.702310558216414
            ],
            [
              170.33284932402336,
              -15.112513834298136
            ],
            [
              170.42798527007395,
              -15.538221019946997
            ],
            [
              170.46500740694677,
              -15.972243586933557
            ],
            [
              170.44291732450802,
              -16.407209254177005
            ],
            [
              170.36170150102782,
              -16.835682002913224
            ],
            [
              170.2223586009958,
              -17.25028629349075
            ],
            [
              170.0269116341762,
              -17.64383395712876
            ],
            [
              169.77840245720515,
              -18.00945191374392
            ],
            [
              169.48086608903083,
              -18.340708494675177
            ],
            [
              169.13928260451968,
              -18.63173576625572
            ],
            [
              168.7595050148048,
              -18.877344909280875
            ],
            [
              168.34816254183406,
              -19.0731314703161
            ],
            [
              167.91253999585314,
              -19.21556722196813
            ],
            [
              167.46043545826205,
              -19.302075497720644
            ],
            [
              167.0,
              -19.331087228322975
            ],
            [
              166.53956454173792,
              -19.302075497720644
            ],
            [
              166.08746000414686,
              -19.21556722196813
            ],
            [
              165.65183745816594,
              -19.0731314703161
            ],
            [
              165.24049498519517,
              -18.877344909280875
            ],
            [
              164.8607173954803,
              -18.63173576625572
            ],
            [
              164.51913391096915,
              -18.340708494675177
            ],
            [
              164.22159754279485,
              -18.00945191374392
            ],
            [
              163.9730883658238,
              -17.643833957128763
            ],
            [
              163.7776413990042,
              -17.25028629349075
            ],
            [
              163.63829849897218,
              -16.835682002913224
            ],
            [
              163.55708267549198,
              -16.407209254177005
            ],
            [
              163.53499259305323,
              -15.972243586933557
            ],
            [
              163.57201472992602,
              -15.538221019946997
            ],
            [
              163.66715067597661,
              -15.112513834298136
            ],
            [
              163.81845728599532,
              -14.702310558216418
            ],
            [
              164.02309777568408,
              -14.314501431429296
            ],
            [
              164.2774022639135,
              -13.955570458767019
            ],
            [
              164.57693665128565,
              -13.631495068149015
            ],
            [
              164.9165790253058,
              -13.34765434907837
            ],
            [
              165.2906029639154,
              -13.108746839812381
            ],
            [
              165.69276716281198,
              -12.91871882766547
            ],
            [
              166.11641075025253,
              -12.780704102581183
            ],
            [
              166.55455350512008,
              -12.69697603979132
            ],
            [
              167.0,
              -12.668912771677022
            ]
          ]
        ]
      }
    },
    {
      "type": "Feature",
      "properties": {
        "name": "United States (Pacific)",
        "code": "USA_P"
      },
      "geometry": {
        "type": "Polygon",
        "coordinates": [
          [
            [
              -157.0,
              23.33108722832298
            ],
            [
              -156.52685259816607,
              23.30194288208569
            ],
            [
              -156.06238106490355,
              23.215046386188483
            ],
            [
              -155.61506549729995,
              23.071994934927954
            ],
            [
              -155.19300236257095,
              22.87540962302047
            ],
            [
              -154.80373176851452,
              22.62887597689864
            ],
            [
              -154.4540857878833,
              22.33686425991452
            ],
            [
              -154.15006206394645,
              22.004632703819297
            ],
            [
              -153.89672505028216,
              21.638117207790227
            ],
            [
              -153.69813541905182,
              21.2438111612512
            ],
            [
              -153.557306603128,
              20.828638920089013
            ],
            [
              -153.4761862496303,
              20.39982615463503
            ],
            [
              -153.45565961357926,
              19.964769861456535
            ],
            [
              -153.49557160007473,
              19.530910359421835
            ],
            [
              -153.59476420827335,
              19.105607134028414
            ],
            [
              -153.75112644461063,
              18.696019997142226
            ],
            [
              -153.9616542482899,
              18.30899671809933
            ],
            [
              -154.2225185062527,
              17.950968064529906
            ],
            [
              -154.52913974203818,
              17.627851059951574
            ],
            [
              -154.87626848156964,
              17.344961201642004
            ],
            [
              -155.2580705937542,
              17.10693436152768
            ],
            [
              -155.66821706479385,
              16.91765908788164
            ],
            [
              -156.09997770366175,
              16.780220011722232
            ],
            [
              -156.54631821979677,
              16.696853019553057
            ],
            [
              -157.0,
              16.668912771677025
            ],
            [
              -157.45368178020325,
              16.696853019553057
            ],
            [
              -157.90002229633828,
              16.780220011722232
            ],
            [
              -158.33178293520618,
              16.91765908788164
            ],
            [
              -158.74192940624582,
              17.106934361527678
            ],
            [
              -159.12373151843036,
              17.344961201642004
            ],
            [
              -159.47086025796185,
              17.62785105995157
            ],
            [
              -159.77748149374733,
              17.950968064529906
            ],
            [
              -160.03834575171007,
              18.30899671809933
            ],
            [
              -160.24887355538937,
              18.696019997142226
            ],
            [
              -160.40523579172665,
              19.105607134028414
            ],
            [
              -160.50442839992527,
              19.530910359421835
            ],
            [
              -160.54434038642074,
              19.964769861456535
            ],
            [
              -160.52381375036973,
              20.39982615463503
            ],
            [
              -160.442693396872,
              20.828638920089013
            ],
            [
              -160.30186458094818,
              21.2438111612512
            ],
            [
              -160.10327494971787,
              21.638117207790227
            ],
            [
              -159.84993793605355,
              22.004632703819293
            ],
            [
              -159.5459142121167,
              22.33686425991452
            ],
            [
              -159.19626823148548,
              22.628875976898637
            ],
            [
              -158.80699763742905,
              22.87540962302047
            ],
            [
              -158.38493450270008,
              23.071994934927954
            ],
            [
              -157.93761893509645,
              23.215046386188483
            ],
            [
              -157.47314740183393,
              23.30194288208569
            ],
            [
              -157.0,
              23.33108722832298
            ]
          ]
        ]
      }
    },
    {
      "type": "Feature",
      "properties": {
        "name": "United States (Atlantic)",
        "code": "USA_A"
      },
      "geometry": {
        "type": "Polygon",
        "coordinates": [
          [
            [
              -75.0,
              35.331087228322986
            ],
            [
              -74.46753651235888,
              35.301485783352454
            ],
            [
              -73.94528801457204,
              35.21325216287178
            ],
            [
              -73.44320399720574,
              35.06808323673847
            ],
            [
              -72.97071646181539,
              34.868757054332626
            ],
            [
              -72.53651354696638,
              34.61906060210016
            ],
            [
              -72.14834830603068,
              34.323694048046846
            ],
            [
              -71.81288885228115,
              33.98815614287608
            ],
            [
              -71.53561251667213,
              33.6186159028486
            ],
            [
              -71.32074332406572,
              33.22177570563315
            ],
            [
              -71.17122935812185,
              32.80473055831716
            ],
            [
              -71.08875467223525,
              32.37482765517065
            ],
            [
              -71.07377937073298,
              31.939529554024478
            ],
            [
              -71.12560125328447,
              31.506283478503583
            ],
            [
              -71.24243281939286,
              31.082398490082323
            ],
            [
              -71.42148826257414,
              30.67493162995704
            ],
            [
              -71.65907614112292,
              30.290583636293977
            ],
            [
              -71.95069452042986,
              29.935604501390703
            ],
            [
              -72.2911264118546,
              29.61570893007636
            ],
            [
              -72.6745342043216,
              29.336001667669635
            ],
            [
              -73.0945524595362,
              29.100912650226583
            ],
            [
              -73.54437891697197,
              28.914141959158673
            ],
            [
              -74.01686385195785,
              28.778614608331782
            ],
            [
              -74.5045980854594,
              28.69644523290193
            ],
            [
              -75.0,
              28.668912771677025
            ],
            [
              -75.49540191454061,
              28.69644523290193
            ],
            [
              -75.98313614804215,
              28.778614608331782
            ],
            [
              -76.45562108302803,
              28.914141959158673
            ],
            [
              -76.90544754046381,
              29.100912650226583
            ],
            [
              -77.3254657956784,
              29.336001667669635
            ],
            [
              -77.7088735881454,
              29.61570893007636
            ],
            [
              -78.04930547957015,
              29.935604501390703
            ],
            [
              -78.34092385887709,
              30.290583636293977
            ],
            [
              -78.57851173742587,
              30.67493162995704
            ],
            [
              -78.75756718060714,
              31.082398490082323
            ],
            [
              -78.87439874671553,
              31.506283478503583
            ],
            [
              -78.92622062926704,
              31.939529554024478
            ],
            [
              -78.91124532776475,
              32.37482765517064
            ],
            [
              -78.82877064187817,
              32.804730558317154
            ],
            [
              -78.6792566759343,
              33.22177570563315
            ],
            [
              -78.46438748332788,
              33.6186159028486
            ],
            [
              -78.18711114771887,
              33.98815614287608
            ],
            [
              -77.85165169396933,
              34.323694048046846
            ],
            [
              -77.46348645303364,
              34.61906060210016
            ],
            [
              -77.02928353818463,
              34.868757054332626
            ],
            [
              -76.55679600279427,
              35.06808323673847
            ],
            [
              -76.05471198542797,
              35.21325216287178
            ],
            [
              -75.53246348764114,
              35.301485783352454
            ],
            [
              -75.0,
              35.331087228322986
            ]
          ]
        ]
      }
    },
    {
      "type": "Feature",
      "properties": {
        "name": "Canada (Atlantic)",
        "code": "CAN_A"
      },
      "geometry": {
        "type": "Polygon",
        "coordinates": [
          [
            [
              -59.99999999999999,
              49.33108722832298
            ],
            [
              -59.33358903380728,
              49.300736663768724
            ],
            [
              -58.68091224770354,
              49.21031507515405
            ],
            [
              -58.05526704941681,
              49.0616919914638
            ],
            [
              -57.4691067937276,
              48.85791553128724
            ],
            [
              -56.93368863274021,
              48.60311587374382
            ],
            [
              -56.458795227265874,
              48.3023796097266
            ],
            [
              -56.052540443064295,
              47.96160290624186
            ],
            [
              -55.72126039488456,
              47.58733182918194
            ],
            [
              -55.469483633467796,
              47.18659772470169
            ],
            [
              -55.299968782596174,
              46.76675446656883
            ],
            [
              -55.21379485931605,
              46.335322903903126
            ],
            [
              -55.21048869908145,
              45.89984625273552
            ],
            [
              -55.28817488339299,
              45.467758677690554
            ],
            [
              -55.44373571680135,
              45.04626804695714
            ],
            [
              -55.67297152477697,
              44.6422528822107
            ],
            [
              -55.97075435821297,
              44.26217287336216
            ],
            [
              -56.33117076023252,
              43.911991953277635
            ],
            [
              -56.74765139051933,
              43.597112775242955
            ],
            [
              -57.21308694556447,
              43.32232144436158
            ],
            [
              -57.71993097762336,
              43.09174146517482
            ],
            [
              -58.260290967749626,
              42.908796032907574
            ],
            [
              -58.82600943818875,
              42.77617797809198
            ],
            [
              -59.40873708925293,
              42.69582684921221
            ],
            [
              -59.99999999999999,
              42.66891277167703
            ],
            [
              -60.59126291074706,
              42.69582684921221
            ],
            [
              -61.173990561811245,
              42.77617797809198
            ],
            [
              -61.73970903225036,
              42.908796032907574
            ],
            [
              -62.28006902237663,
              43.09174146517482
            ],
            [
              -62.786913054435516,
              43.32232144436158
            ],
            [
              -63.252348609480656,
              43.597112775242955
            ],
            [
              -63.668829239767476,
              43.911991953277635
            ],
            [
              -64.02924564178703,
              44.26217287336216
            ],
            [
              -64.32702847522302,
              44.6422528822107
            ],
            [
              -64.55626428319864,
              45.04626804695714
            ],
            [
              -64.71182511660699,
              45.467758677690554
            ],
            [
              -64.78951130091855,
              45.89984625273552
            ],
            [
              -64.78620514068393,
              46.335322903903126
            ],
            [
              -64.70003121740382,
              46.76675446656883
            ],
            [
              -64.5305163665322,
              47.18659772470169
            ],
            [
              -64.27873960511542,
              47.58733182918194
            ],
            [
              -63.947459556935705,
              47.96160290624186
            ],
            [
              -63.54120477273411,
              48.3023796097266
            ],
            [
              -63.066311367259786,
              48.60311587374382
            ],
            [
              -62.53089320627239,
              48.85791553128724
            ],
            [
              -61.94473295058318,
              49.0616919914638
            ],
            [
              -61.319087752296454,
              49.21031507515405
            ],
            [
              -60.666410966192714,
              49.300736663768724
            ],
            [
              -59.99999999999999,
              49.33108722832298
            ]
          ]
        ]
      }
    },
    {
      "type": "Feature",
      "properties": {
        "name": "Canada (Pacific)",
        "code": "CAN_P"
      },
      "geometry": {
        "type": "Polygon",
        "coordinates": [
          [
            [
              -130.0,
              53.331087228322986
            ],
            [
              -129.27284620532387,
              53.30044168209348
            ],
            [
              -128.56109509103192,
              53.209159715869454
            ],
            [
              -127.87962324686254,
              53.05918207013629
            ],
            [
              -127.24229400779464,
              52.85366759635184
            ],
            [
              -126.66154264026845,
              52.596885949582855
            ],
            [
              -126.14805752214362,
              52.294078913858776
            ],
            [
              -125.71056896389119,
              51.951299869640415
            ],
            [
              -125.35574539416984,
              51.5752412319282
            ],
            [
              -125.08818669536177,
              51.173058945809544
            ],
            [
              -124.91049768356125,
              50.752201624555795
            ],
            [
              -124.82342139448663,
              50.32025001412901
            ],
            [
              -124.82601157770956,
              49.884770501789085
            ],
            [
              -124.91582581758831,
              49.453184608951126
            ],
            [
              -125.0891240655064,
              49.032654971353516
            ],
            [
              -125.341061250462,
              48.629987270199884
            ],
            [
              -125.665866407815,
              48.251546921931094
            ],
            [
              -126.05700404060646,
              47.90318900346144
            ],
            [
              -126.50731602498387,
              47.59019980658333
            ],
            [
              -127.00914426598148,
              47.317248501026775
            ],
            [
              -127.55443557370704,
              47.088347571206114
            ],
            [
              -128.13483098228707,
              46.90682092256459
            ],
            [
              -128.74174210757698,
              46.77527879098503
            ],
            [
              -129.36641725975596,
              46.695598808816804
            ],
            [
              -130.0,
              46.66891277167702
            ],
            [
              -130.63358274024407,
              46.695598808816804
            ],
            [
              -131.25825789242302,
              46.77527879098503
            ],
            [
              -131.86516901771293,
              46.90682092256459
            ],
            [
              -132.44556442629298,
              47.088347571206114
            ],
            [
              -132.99085573401854,
              47.317248501026775
            ],
            [
              -133.49268397501615,
              47.59019980658333
            ],
            [
              -133.94299595939356,
              47.90318900346144
            ],
            [
              -134.334133592185,
              48.251546921931094
            ],
            [
              -134.658938749538,
              48.629987270199884
            ],
            [
              -134.91087593449362,
              49.032654971353516
            ],
            [
              -135.0841741824117,
              49.453184608951126
            ],
            [
              -135.17398842229045,
              49.884770501789085
            ],
            [
              -135.17657860551338,
              50.32025001412901
            ],
            [
              -135.08950231643877,
              50.752201624555795
            ],
            [
              -134.91181330463823,
              51.173058945809544
            ],
            [
              -134.64425460583018,
              51.5752412319282
            ],
            [
              -134.28943103610882,
              51.951299869640415
            ],
            [
              -133.8519424778564,
              52.294078913858776
            ],
            [
              -133.33845735973156,
              52.59688594958285
            ],
            [
              -132.7577059922054,
              52.85366759635184
            ],
            [
              -132.12037675313744,
              53.05918207013629
            ],
            [
              -131.43890490896808,
              53.209159715869454
            ],
            [
              -130.72715379467616,
              53.30044168209348
            ],
            [
              -130.0,
              53.331087228322986
            ]
          ]
        ]
      }
    },
    {
      "type": "Feature",
      "properties": {
        "name": "Mexico",
        "code": "MEX"
      },
      "geometry": {
        "type": "Polygon",
        "coordinates": [
          [
            [
              -95.0,
              23.33108722832298
            ],
            [
              -94.52685259816609,
              23.30194288208569
            ],
            [
              -94.06238106490356,
              23.215046386188483
            ],
            [
              -93.61506549729995,
              23.071994934927954
            ],
            [
              -93.19300236257094,
              22.87540962302047
            ],
            [
              -92.80373176851454,
              22.62887597689864
            ],
            [
              -92.45408578788332,
              22.33686425991452
            ],
            [
              -92.15006206394644,
              22.004632703819297
            ],
            [
              -91.89672505028216,
              21.638117207790227
            ],
            [
              -91.69813541905185,
              21.2438111612512
            ],
            [
              -91.55730660312801,
              20.828638920089013
            ],
            [
              -91.47618624963027,
              20.39982615463503
            ],
            [
              -91.45565961357926,
              19.964769861456535
            ],
            [
              -91.49557160007473,
              19.530910359421835
            ],
            [
              -91.59476420827336,
              19.105607134028414
            ],
            [
              -91.75112644461065,
              18.696019997142226
            ],
            [
              -91.96165424828993,
              18.30899671809933
            ],
            [
              -92.22251850625267,
              17.950968064529906
            ],
            [
              -92.52913974203818,
              17.627851059951574
            ],
            [
              -92.87626848156965,
              17.344961201642004
            ],
            [
              -93.25807059375421,
              17.10693436152768
            ],
            [
              -93.66821706479384,
              16.91765908788164
            ],
            [
              -94.09997770366174,
              16.780220011722232
            ],
            [
              -94.54631821979675,
              16.696853019553057
            ],
            [
              -95.0,
              16.668912771677025
            ],
            [
              -95.45368178020325,
              16.696853019553057
            ],
            [
              -95.90002229633828,
              16.780220011722232
            ],
            [
              -96.33178293520618,
              16.91765908788164
            ],
            [
              -96.7419294062458,
              17.106934361527678
            ],
            [
              -97.12373151843036,
              17.344961201642004
            ],
            [
              -97.47086025796182,
              17.62785105995157
            ],
            [
              -97.77748149374733,
              17.950968064529906
            ],
            [
              -98.03834575171008,
              18.30899671809933
            ],
            [
              -98.24887355538937,
              18.696019997142226
            ],
            [
              -98.40523579172665,
              19.105607134028414
            ],
            [
              -98.50442839992529,
              19.530910359421835
            ],
            [
              -98.54434038642076,
              19.964769861456535
            ],
            [
              -98.52381375036974,
              20.39982615463503
            ],
            [
              -98.442693396872,
              20.828638920089013
            ],
            [
              -98.30186458094816,
              21.2438111612512
            ],
            [
              -98.10327494971786,
              21.638117207790227
            ],
            [
              -97.84993793605358,
              22.004632703819293
            ],
            [
              -97.5459142121167,
              22.33686425991452
            ],
            [
              -97.19626823148548,
              22.628875976898637
            ],
            [
              -96.80699763742908,
              22.87540962302047
            ],
            [
              -96.38493450270006,
              23.071994934927954
            ],
            [
              -95.93761893509645,
              23.215046386188483
            ],
            [
              -95.47314740183393,
              23.30194288208569
            ],
            [
              -95.0,
              23.33108722832298
            ]
          ]
        ]
      }
    },
    {
      "type": "Feature",
      "properties": {
        "name": "Guatemala",
        "code": "GTM"
      },
      "geometry": {
        "type": "Polygon",
        "coordinates": [
          [
            [
              -91.0,
              17.33108722832298
            ],
            [
              -90.54485054453734,
              17.302139322161512
            ],
            [
              -90.09788337589916,
              17.215817932207987
            ],
            [
              -89.66710796401259,
              17.073678718077065
            ],
            [
              -89.26019433103284,
              16.87827714149007
            ],
            [
              -88.88431828764837,
              16.633114039187934
            ],
            [
              -88.54602328019556,
              16.34256233920434
            ],
            [
              -88.25110235207426,
              16.01177752018585
            ],
            [
              -88.00450234316267,
              15.646594760608744
            ],
            [
              -87.8102510980355,
              15.253415857237837
            ],
            [
              -87.67140727102174,
              14.839088932964025
            ],
            [
              -87.59003140413765,
              14.41078374613002
            ],
            [
              -87.56717636178786,
              13.975865110441665
            ],
            [
              -87.60289493255105,
              13.541766592042762
            ],
            [
              -87.6962624106769,
              13.115866317412811
            ],
            [
              -87.84541217755498,
              12.705366439490517
            ],
            [
              -88.0475826326804,
              12.317177591856561
            ],
            [
              -88.29917419119843,
              11.957809518480122
            ],
            [
              -88.59581539871378,
              11.633268992162785
            ],
            [
              -88.9324374598825,
              11.348966110405145
            ],
            [
              -89.30335660396746,
              11.109630058276922
            ],
            [
              -89.7023637099311,
              10.919235426951072
            ],
            [
              -90.12282049915031,
              10.78094014872202
            ],
            [
              -90.55776140623982,
              10.697036034998094
            ],
            [
              -91.0,
              10.668912771677023
            ],
            [
              -91.44223859376018,
              10.697036034998094
            ],
            [
              -91.87717950084969,
              10.78094014872202
            ],
            [
              -92.29763629006891,
              10.919235426951072
            ],
            [
              -92.69664339603254,
              11.109630058276922
            ],
            [
              -93.0675625401175,
              11.348966110405145
            ],
            [
              -93.40418460128623,
              11.633268992162783
            ],
            [
              -93.70082580880155,
              11.957809518480122
            ],
            [
              -93.9524173673196,
              12.31717759185656
            ],
            [
              -94.15458782244502,
              12.705366439490517
            ],
            [
              -94.3037375893231,
              13.115866317412811
            ],
            [
              -94.39710506744895,
              13.541766592042762
            ],
            [
              -94.43282363821214,
              13.975865110441665
            ],
            [
              -94.40996859586235,
              14.410783746130017
            ],
            [
              -94.32859272897826,
              14.839088932964025
            ],
            [
              -94.1897489019645,
              15.253415857237837
            ],
            [
              -93.99549765683734,
              15.646594760608744
            ],
            [
              -93.74889764792574,
              16.011777520185845
            ],
            [
              -93.45397671980444,
              16.34256233920434
            ],
            [
              -93.11568171235163,
              16.633114039187934
            ],
            [
              -92.73980566896716,
              16.87827714149007
            ],
            [
              -92.33289203598741,
              17.07367871807707
            ],
            [
              -91.90211662410086,
              17.215817932207987
            ],
            [
              -91.45514945546266,
              17.302139322161512
            ],
            [
              -91.0,
              17.33108722832298
            ]
          ]
        ]
      }
    },
    {
      "type": "Feature",
      "properties": {
        "name": "Honduras",
        "code": "HND"
      },
      "geometry": {
        "type": "Polygon",
        "coordinates": [
          [
            [
              -86.0,
              18.83108722832298
            ],
            [
              -85.54095006285588,
              18.802091593632884
            ],
            [
              -85.09019248512779,
              18.715630445901002
            ],
            [
              -84.65584158774922,
              18.573269464876297
            ],
            [
              -84.24566218927572,
              18.377579958567917
            ],
            [
              -83.86691074431909,
              18.132083235298097
            ],
            [
              -83.52619409728766,
              17.841175789018518
            ],
            [
              -83.22934952366883,
              17.510038026631065
            ],
            [
              -82.98134824177414,
              17.14452962390966
            ],
            [
              -82.78622312059233,
              16.75107472625759
            ],
            [
              -82.64702003861453,
              16.33654013686364
            ],
            [
              -82.5657713717773,
              15.908109403772995
            ],
            [
              -82.54348945746372,
              15.473155386241702
            ],
            [
              -82.58017759302435,
              15.039113508188217
            ],
            [
              -82.67485613480707,
              14.613357544280348
            ],
            [
              -82.82560149152076,
              14.203079471042267
            ],
            [
              -83.02959616520673,
              13.815174674393493
            ],
            [
              -83.28318839674866,
              13.456133643270826
            ],
            [
              -83.58196034562653,
              13.131941189318972
            ],
            [
              -83.9208040200019,
              12.847984197142347
            ],
            [
              -84.2940043408627,
              12.608968903707712
            ],
            [
              -84.69532876410756,
              12.418848702338636
            ],
            [
              -85.1181228096987,
              12.280763441438001
            ],
            [
              -85.55541068692987,
              12.196991121189747
            ],
            [
              -86.0,
              12.168912771677022
            ],
            [
              -86.44458931307014,
              12.196991121189747
            ],
            [
              -86.88187719030131,
              12.280763441438001
            ],
            [
              -87.30467123589246,
              12.418848702338634
            ],
            [
              -87.70599565913732,
              12.60896890370771
            ],
            [
              -88.07919597999812,
              12.847984197142347
            ],
            [
              -88.41803965437347,
              13.131941189318972
            ],
            [
              -88.71681160325136,
              13.456133643270825
            ],
            [
              -88.97040383479329,
              13.815174674393491
            ],
            [
              -89.17439850847926,
              14.203079471042267
            ],
            [
              -89.32514386519294,
              14.613357544280348
            ],
            [
              -89.41982240697567,
              15.039113508188217
            ],
            [
              -89.4565105425363,
              15.473155386241702
            ],
            [
              -89.43422862822271,
              15.908109403772995
            ],
            [
              -89.35297996138549,
              16.33654013686364
            ],
            [
              -89.21377687940769,
              16.751074726257585
            ],
            [
              -89.01865175822587,
              17.14452962390966
            ],
            [
              -88.7706504763312,
              17.51003802663106
            ],
            [
              -88.47380590271236,
              17.841175789018518
            ],
            [
              -88.13308925568093,
              18.132083235298094
            ],
            [
              -87.7543378107243,
              18.377579958567914
            ],
            [
              -87.34415841225079,
              18.573269464876297
            ],
            [
              -86.90980751487223,
              18.715630445901002
            ],
            [
              -86.45904993714413,
              18.802091593632884
            ],
            [
              -86.0,
              18.83108722832298
            ]
          ]
        ]
      }
    },
    {
      "type": "Feature",
      "properties": {
        "name": "Nicaragua",
        "code": "NIC"
      },
      "geometry": {
        "type": "Polygon",
        "coordinates": [
          [
            [
              -83.5,
              15.831087228322977
            ],
            [
              -83.04837840407093,
              15.80218627835162
            ],
            [
              -82.60483708245393,
              15.716002400727964
            ],
            [
              -82.17728841620824,
              15.574081441696936
            ],
            [
              -81.77331482153663,
              15.378963335949596
            ],
            [
              -81.40001785520667,
              15.134128846045922
            ],
            [
              -81.06388298597582,
              14.843927768242583
            ],
            [
              -80.77066337379348,
              14.513491080655932
            ],
            [
              -80.5252847204125,
              14.148629846028621
            ],
            [
              -80.33177199970872,
              13.755723815851647
            ],
            [
              -80.193197776384,
              13.341602636456981
            ],
            [
              -80.1116509719503,
              12.913422371053317
            ],
            [
              -80.08822438364768,
              12.478539775198394
            ],
            [
              -80.123019005037,
              12.044386449371947
            ],
            [
              -80.21516319718074,
              11.618344687810742
            ],
            [
              -80.36284495048508,
              11.207626582934012
            ],
            [
              -80.56335578012006,
              10.819157750506443
            ],
            [
              -80.81314513271946,
              10.459466918164981
            ],
            [
              -81.10788447903823,
              10.134582561525578
            ],
            [
              -81.44254047412929,
              9.849937759598529
            ],
            [
              -81.81145665288665,
              9.610284449735033
            ],
            [
              -82.20844308712077,
              9.419618264441635
            ],
            [
              -82.62687327503606,
              9.28111510265424
            ],
            [
              -83.05978729729716,
              9.197080506669694
            ],
            [
              -83.5,
              9.168912771677022
            ],
            [
              -83.94021270270282,
              9.197080506669694
            ],
            [
              -84.37312672496392,
              9.28111510265424
            ],
            [
              -84.79155691287923,
              9.419618264441635
            ],
            [
              -85.18854334711334,
              9.610284449735033
            ],
            [
              -85.55745952587071,
              9.849937759598529
            ],
            [
              -85.89211552096175,
              10.134582561525576
            ],
            [
              -86.18685486728052,
              10.459466918164981
            ],
            [
              -86.43664421987992,
              10.819157750506442
            ],
            [
              -86.63715504951492,
              11.207626582934012
            ],
            [
              -86.78483680281924,
              11.618344687810742
            ],
            [
              -86.876980994963,
              12.044386449371947
            ],
            [
              -86.91177561635232,
              12.478539775198394
            ],
            [
              -86.88834902804969,
              12.913422371053317
            ],
            [
              -86.80680222361599,
              13.34160263645698
            ],
            [
              -86.66822800029126,
              13.755723815851645
            ],
            [
              -86.4747152795875,
              14.148629846028621
            ],
            [
              -86.22933662620652,
              14.513491080655932
            ],
            [
              -85.93611701402418,
              14.843927768242583
            ],
            [
              -85.59998214479333,
              15.134128846045922
            ],
            [
              -85.22668517846337,
              15.378963335949596
            ],
            [
              -84.82271158379176,
              15.574081441696936
            ],
            [
              -84.39516291754607,
              15.716002400727964
            ],
            [
              -83.95162159592905,
              15.80218627835162
            ],
            [
              -83.5,
              15.831087228322977
            ]
          ]
        ]
      }
    },
    {
      "type": "Feature",
      "properties": {
        "name": "Costa Rica",
        "code": "CRI"
      },
      "geometry": {
        "type": "Polygon",
        "coordinates": [
          [
            [
              -84.0,
              12.83108722832298
            ],
            [
              -83.55436822174615,
              12.80227819542341
            ],
            [
              -83.11663523171907,
              12.716363545233976
            ],
            [
              -82.6945409722123,
              12.574870042079562
            ],
            [
              -82.295512850108,
              12.380307406670152
            ],
            [
              -81.9265219624013,
              12.136117296519245
            ],
            [
              -81.59395325520349,
              11.84660438009478
            ],
            [
              -81.30349265329387,
              11.516851747442907
            ],
            [
              -81.06003310177248,
              11.152623214387406
            ],
            [
              -80.86760038312796,
              10.760255213531426
            ],
            [
              -80.72929862671863,
              10.346540941520486
            ],
            [
              -80.6472746955726,
              9.918609283679702
            ],
            [
              -80.6227001593974,
              9.483800809299998
            ],
            [
              -80.65576934374641,
              9.049542870648128
            ],
            [
              -80.74571194946596,
              8.623225588448957
            ],
            [
              -80.89081890491849,
              8.21208029824593
            ],
            [
              -81.08848037386784,
              7.823061884580144
            ],
            [
              -81.335235120395,
              7.462736348099703
            ],
            [
              -81.6268306630743,
              7.137174926161429
            ],
            [
              -81.95829378406168,
              6.851856101305384
            ],
            [
              -82.32401096582419,
              6.611576858376244
            ],
            [
              -82.7178182032108,
              6.420374561672139
            ],
            [
              -83.13309939817665,
              6.281460791854317
            ],
            [
              -83.56289222456866,
              6.1971683879803585
            ],
            [
              -84.0,
              6.1689127716770225
            ],
            [
              -84.43710777543136,
              6.1971683879803585
            ],
            [
              -84.86690060182336,
              6.281460791854317
            ],
            [
              -85.28218179678922,
              6.420374561672138
            ],
            [
              -85.67598903417581,
              6.611576858376243
            ],
            [
              -86.04170621593832,
              6.851856101305384
            ],
            [
              -86.37316933692571,
              7.137174926161428
            ],
            [
              -86.664764879605,
              7.462736348099703
            ],
            [
              -86.91151962613216,
              7.8230618845801425
            ],
            [
              -87.10918109508152,
              8.21208029824593
            ],
            [
              -87.25428805053406,
              8.623225588448957
            ],
            [
              -87.34423065625359,
              9.049542870648128
            ],
            [
              -87.3772998406026,
              9.483800809299998
            ],
            [
              -87.3527253044274,
              9.9186092836797
            ],
            [
              -87.27070137328137,
              10.346540941520486
            ],
            [
              -87.13239961687205,
              10.760255213531424
            ],
            [
              -86.93996689822754,
              11.152623214387406
            ],
            [
              -86.69650734670614,
              11.516851747442903
            ],
            [
              -86.40604674479651,
              11.84660438009478
            ],
            [
              -86.07347803759872,
              12.136117296519245
            ],
            [
              -85.70448714989202,
              12.380307406670152
            ],
            [
              -85.3054590277877,
              12.574870042079564
            ],
            [
              -84.88336476828094,
              12.716363545233976
            ],
            [
              -84.44563177825387,
              12.80227819542341
            ],
            [
              -84.0,
              12.83108722832298
            ]
          ]
        ]
      }
    },
    {
      "type": "Feature",
      "properties": {
        "name": "Panama",
        "code": "PAN"
      },
      "geometry": {
        "type": "Polygon",
        "coordinates": [
          [
            [
              -79.0,
              11.831087228322978
            ],
            [
              -78.55606117395108,
              11.80230832546927
            ],
            [
              -78.1199669242122,
              11.716481940188054
            ],
            [
              -77.69940578267759,
              11.575128618575318
            ],
            [
              -77.30175914381245,
              11.380748229227487
            ],
            [
              -76.93395969702412,
              11.136769666116624
            ],
            [
              -76.6023632562766,
              10.847482849351014
            ],
            [
              -76.31263692741142,
              10.51795519269558
            ],
            [
              -76.0696655135595,
              10.15393501368111
            ],
            [
              -75.87747703506075,
              9.761744498173746
            ],
            [
              -75.73918734164245,
              9.348164813940876
            ],
            [
              -75.65696309992657,
              8.92031583094594
            ],
            [
              -75.63200198889423,
              8.485532693261344
            ],
            [
              -75.66452873088647,
              8.051241244122311
            ],
            [
              -75.75380559347359,
              7.624834072631923
            ],
            [
              -75.89815616108275,
              7.213548759063076
            ],
            [
              -76.0950014243843,
              6.824349763790382
            ],
            [
              -76.34090749772953,
              6.463815336929116
            ],
            [
              -76.63164448575284,
              6.138030813059307
            ],
            [
              -76.96225613041399,
              5.852489678724108
            ],
            [
              -77.32713985081931,
              5.612003833529801
            ],
            [
              -77.72013663491889,
              5.420624479836363
            ],
            [
              -78.13462997230116,
              5.281575044318952
            ],
            [
              -78.5636526680585,
              5.197197436328796
            ],
            [
              -79.0,
              5.1689127716770225
            ],
            [
              -79.43634733194149,
              5.197197436328796
            ],
            [
              -79.86537002769883,
              5.281575044318951
            ],
            [
              -80.27986336508111,
              5.420624479836362
            ],
            [
              -80.67286014918069,
              5.612003833529801
            ],
            [
              -81.03774386958601,
              5.852489678724108
            ],
            [
              -81.36835551424716,
              6.138030813059305
            ],
            [
              -81.65909250227047,
              6.463815336929115
            ],
            [
              -81.9049985756157,
              6.824349763790379
            ],
            [
              -82.10184383891725,
              7.213548759063076
            ],
            [
              -82.24619440652641,
              7.624834072631923
            ],
            [
              -82.33547126911353,
              8.051241244122311
            ],
            [
              -82.36799801110575,
              8.485532693261344
            ],
            [
              -82.34303690007343,
              8.920315830945938
            ],
            [
              -82.26081265835755,
              9.348164813940874
            ],
            [
              -82.12252296493924,
              9.761744498173744
            ],
            [
              -81.9303344864405,
              10.15393501368111
            ],
            [
              -81.68736307258858,
              10.517955192695577
            ],
            [
              -81.3976367437234,
              10.847482849351012
            ],
            [
              -81.06604030297588,
              11.136769666116624
            ],
            [
              -80.69824085618754,
              11.380748229227486
            ],
            [
              -80.3005942173224,
              11.575128618575318
            ],
            [
              -79.8800330757878,
              11.716481940188054
            ],
            [
              -79.4439388260489,
              11.80230832546927
            ],
            [
              -79.0,
              11.831087228322978
            ]
          ]
        ]
      }
    },
    {
      "type": "Feature",
      "properties": {
        "name": "Colombia",
        "code": "COL"
      },
      "geometry": {
        "type": "Polygon",
        "coordinates": [
          [
            [
              -75.0,
              13.331087228322978
            ],
            [
              -74.55346575798295,
              13.302263041748745
            ],
            [
              -74.11485855696056,
              13.216304001870707
            ],
            [
              -73.69194515288294,
              13.0747400072752
            ],
            [
              -73.29217699354983,
              12.880085743400766
            ],
            [
              -72.9225453108225,
              12.635789297346724
            ],
            [
              -72.58945042175272,
              12.346162763457844
            ],
            [
              -72.29858832488362,
              12.016297120052494
            ],
            [
              -72.0548565537765,
              11.651963975713736
            ],
            [
              -71.8622801435962,
              11.259506919614436
            ],
            [
              -71.72395759583189,
              10.845725183179141
            ],
            [
              -71.64202597510602,
              10.417752166046768
            ],
            [
              -71.61764378319086,
              9.982931143741597
            ],
            [
              -71.65099002968442,
              9.548690205652997
            ],
            [
              -71.74127792158978,
              9.122418212804845
            ],
            [
              -71.88678176532514,
              8.711343348093168
            ],
            [
              -72.08487594124527,
              8.322415676424926
            ],
            [
              -72.3320850978027,
              7.962195043483118
            ],
            [
              -72.62414495372583,
              7.636745611473395
            ],
            [
              -72.95607324186452,
              7.351538339414985
            ],
            [
              -73.32225034850609,
              7.111362738706238
            ],
            [
              -73.71650909095472,
              6.9202492436607095
            ],
            [
              -74.13223285030287,
              6.781403505201329
            ],
            [
              -74.56246097078126,
              6.697153823585178
            ],
            [
              -75.0,
              6.668912771677021
            ],
            [
              -75.43753902921875,
              6.697153823585178
            ],
            [
              -75.86776714969713,
              6.781403505201328
            ],
            [
              -76.2834909090453,
              6.920249243660709
            ],
            [
              -76.67774965149393,
              7.111362738706238
            ],
            [
              -77.0439267581355,
              7.351538339414985
            ],
            [
              -77.37585504627418,
              7.636745611473395
            ],
            [
              -77.66791490219731,
              7.962195043483116
            ],
            [
              -77.91512405875474,
              8.322415676424924
            ],
            [
              -78.11321823467486,
              8.711343348093168
            ],
            [
              -78.25872207841023,
              9.122418212804845
            ],
            [
              -78.34900997031558,
              9.548690205652997
            ],
            [
              -78.38235621680916,
              9.982931143741597
            ],
            [
              -78.357974024894,
              10.417752166046768
            ],
            [
              -78.27604240416812,
              10.84572518317914
            ],
            [
              -78.13771985640382,
              11.259506919614434
            ],
            [
              -77.94514344622351,
              11.651963975713736
            ],
            [
              -77.70141167511639,
              12.016297120052492
            ],
            [
              -77.4105495782473,
              12.346162763457842
            ],
            [
              -77.07745468917751,
              12.635789297346722
            ],
            [
              -76.70782300645018,
              12.880085743400764
            ],
            [
              -76.30805484711708,
              13.074740007275201
            ],
            [
              -75.88514144303946,
              13.216304001870705
            ],
            [
              -75.44653424201705,
              13.302263041748745
            ],
            [
              -75.0,
              13.331087228322978
            ]
          ]
        ]
      }
    },
    {
      "type": "Feature",
      "properties": {
        "name": "Venezuela",
        "code": "VEN"
      },
      "geometry": {
        "type": "Polygon",
        "coordinates": [
          [
            [
              -66.0,
              14.831087228322977
            ],
            [
              -65.55052997362264,
              14.802217193824236
            ],
            [
              -65.1090764815178,
              14.716123861603938
            ],
            [
              -64.68349129357007,
              14.574346641009743
            ],
            [
              -64.28130224190649,
              14.37941527790525
            ],
            [
              -63.90956478731022,
              14.134797354080566
            ],
            [
              -63.57472865211873,
              13.844827464815358
            ],
            [
              -63.28252275717531,
              13.51462047076312
            ],
            [
              -63.03786048603328,
              13.149971549383263
            ],
            [
              -62.84476610584128,
              12.757245906508237
            ],
            [
              -62.70632212764737,
              12.343260970489126
            ],
            [
              -62.62463657926788,
              11.91516371812406
            ],
            [
              -62.60082863645125,
              11.480305521941862
            ],
            [
              -62.63503081315897,
              11.046116612999741
            ],
            [
              -62.726405912118736,
              10.619981967293379
            ],
            [
              -62.87317711891902,
              10.209120181405503
            ],
            [
              -63.07266991012069,
              9.820466724419022
            ],
            [
              -63.32136476054661,
              9.460562844007372
            ],
            [
              -63.61495990882199,
              9.135451357207076
            ],
            [
              -63.94844362199615,
              8.850580552295572
            ],
            [
              -64.31617545974706,
              8.610717442269562
            ],
            [
              -64.71197596939973,
              8.41987161500417
            ],
            [
              -65.12922405986498,
              8.281230894510088
            ],
            [
              -65.56096103895102,
              8.197109941815603
            ],
            [
              -66.0,
              8.168912771677023
            ],
            [
              -66.439038961049,
              8.197109941815603
            ],
            [
              -66.87077594013503,
              8.281230894510088
            ],
            [
              -67.28802403060028,
              8.41987161500417
            ],
            [
              -67.68382454025296,
              8.610717442269562
            ],
            [
              -68.05155637800385,
              8.850580552295572
            ],
            [
              -68.38504009117801,
              9.135451357207074
            ],
            [
              -68.6786352394534,
              9.46056284400737
            ],
            [
              -68.92733008987932,
              9.82046672441902
            ],
            [
              -69.12682288108098,
              10.209120181405503
            ],
            [
              -69.27359408788128,
              10.619981967293379
            ],
            [
              -69.36496918684104,
              11.046116612999741
            ],
            [
              -69.39917136354876,
              11.480305521941862
            ],
            [
              -69.37536342073213,
              11.915163718124058
            ],
            [
              -69.29367787235265,
              12.343260970489125
            ],
            [
              -69.15523389415873,
              12.757245906508233
            ],
            [
              -68.96213951396673,
              13.149971549383263
            ],
            [
              -68.7174772428247,
              13.514620470763118
            ],
            [
              -68.42527134788128,
              13.844827464815356
            ],
            [
              -68.09043521268978,
              14.134797354080566
            ],
            [
              -67.71869775809351,
              14.37941527790525
            ],
            [
              -67.31650870642994,
              14.574346641009743
            ],
            [
              -66.8909235184822,
              14.716123861603938
            ],
            [
              -66.44947002637737,
              14.802217193824236
            ],
            [
              -66.0,
              14.831087228322977
            ]
          ]
        ]
      }
    },
    {
      "type": "Feature",
      "properties": {
        "name": "Guyana",
        "code": "GUY"
      },
      "geometry": {
        "type": "Polygon",
        "coordinates": [
          [
            [
              -57.00000000000001,
              9.33108722832298
            ],
            [
              -56.55965551602438,
              9.302382737040414
            ],
            [
              -56.127032936295755,
              9.216774365756338
            ],
            [
              -55.70970470778782,
              9.075767381084411
            ],
            [
              -55.31494883335714,
              8.88183742978532
            ],
            [
              -54.9496124952084,
              8.638382000454047
            ],
            [
              -54.61998781341376,
              8.349654684071906
            ],
            [
              -54.33170244788628,
              8.020684225220457
            ],
            [
              -54.089626840365646,
              7.657180644034088
            ],
            [
              -53.89779899556204,
              7.265430843571999
            ],
            [
              -53.75936691440859,
              6.852186114002408
            ],
            [
              -53.67654818769208,
              6.4245438345976265
            ],
            [
              -53.65060587149335,
              5.989825496720471
            ],
            [
              -53.68183959800121,
              5.555452967575258
            ],
            [
              -53.76959089644031,
              5.1288247232332544
            ],
            [
              -53.91226185599443,
              4.717193629020266
            ],
            [
              -54.10734648937972,
              4.327547752284648
            ],
            [
              -54.35147438284954,
              3.966495659950476
            ],
            [
              -54.64046638324758,
              3.640157671408388
            ],
            [
              -54.969402127250326,
              3.354064585924249
            ],
            [
              -55.332699134628115,
              3.113065455465504
            ],
            [
              -55.72420296242531,
              2.9212459985092685
            ],
            [
              -56.13728757063211,
              2.781859219817737
            ],
            [
              -56.564964623459936,
              2.697269693631592
            ],
            [
              -57.00000000000001,
              2.668912771677022
            ],
            [
              -57.43503537654008,
              2.697269693631592
            ],
            [
              -57.862712429367896,
              2.7818592198177368
            ],
            [
              -58.2757970375747,
              2.921245998509268
            ],
            [
              -58.66730086537189,
              3.1130654554655037
            ],
            [
              -59.030597872749674,
              3.3540645859242484
            ],
            [
              -59.35953361675242,
              3.640157671408386
            ],
            [
              -59.648525617150476,
              3.966495659950476
            ],
            [
              -59.89265351062028,
              4.327547752284646
            ],
            [
              -60.08773814400557,
              4.717193629020266
            ],
            [
              -60.230409103559694,
              5.1288247232332544
            ],
            [
              -60.318160401998796,
              5.555452967575258
            ],
            [
              -60.34939412850667,
              5.98982549672047
            ],
            [
              -60.32345181230792,
              6.424543834597625
            ],
            [
              -60.24063308559141,
              6.852186114002406
            ],
            [
              -60.10220100443797,
              7.2654308435719965
            ],
            [
              -59.91037315963437,
              7.657180644034088
            ],
            [
              -59.668297552113735,
              8.020684225220453
            ],
            [
              -59.38001218658626,
              8.349654684071906
            ],
            [
              -59.050387504791615,
              8.638382000454047
            ],
            [
              -58.68505116664287,
              8.88183742978532
            ],
            [
              -58.290295292212186,
              9.075767381084411
            ],
            [
              -57.87296706370426,
              9.216774365756336
            ],
            [
              -57.44034448397563,
              9.302382737040414
            ],
            [
              -57.00000000000001,
              9.33108722832298
            ]
          ]
        ]
      }
    },
    {
      "type": "Feature",
      "properties": {
        "name": "Suriname",
        "code": "SUR"
      },
      "geometry": {
        "type": "Polygon",
        "coordinates": [
          [
            [
              -55.0,
              8.831087228322978
            ],
            [
              -54.56026731969188,
              8.802397482842498
            ],
            [
              -54.12823413084986,
              8.716832319108669
            ],
            [
              -53.71145171861184,
              8.57589398895749
            ],
            [
              -53.317179334670726,
              8.382053357755865
            ],
            [
              -52.952248806721904,
              8.13870171035242
            ],
            [
              -52.62294104285145,
              7.850085454619253
            ],
            [
              -52.33487709433562,
              7.521225680185103
            ],
            [
              -52.09292555249239,
              7.157824814480672
            ],
            [
              -51.901127181681204,
              6.766162752333668
            ],
            [
              -51.7626369257895,
              6.352984834543222
            ],
            [
              -51.67968283830352,
              5.92538394535243
            ],
            [
              -51.653541111893524,
              5.490678827521746
            ],
            [
              -51.68452622341247,
              5.0562905179406386
            ],
            [
              -51.77199523480124,
              4.629618623547152
            ],
            [
              -51.9143654471769,
              4.2179190149977375
            ],
            [
              -52.109144828655126,
              3.8281844302230064
            ],
            [
              -52.3529748574359,
              3.4670294545725238
            ],
            [
              -52.64168557800579,
              3.140581368778088
            ],
            [
              -52.97036271211873,
              2.854378409929014
            ],
            [
              -53.33342657012694,
              2.6132770463873136
            ],
            [
              -53.72472226874358,
              2.421369894616819
            ],
            [
              -54.13762039919805,
              2.281915875772219
            ],
            [
              -54.565126847140334,
              2.1972841006568613
            ],
            [
              -55.0,
              2.168912771677021
            ],
            [
              -55.43487315285967,
              2.1972841006568613
            ],
            [
              -55.86237960080196,
              2.2819158757722184
            ],
            [
              -56.27527773125643,
              2.421369894616819
            ],
            [
              -56.66657342987306,
              2.613277046387313
            ],
            [
              -57.02963728788128,
              2.854378409929014
            ],
            [
              -57.35831442199421,
              3.1405813687780864
            ],
            [
              -57.6470251425641,
              3.467029454572523
            ],
            [
              -57.890855171344874,
              3.8281844302230037
            ],
            [
              -58.085634552823116,
              4.2179190149977375
            ],
            [
              -58.22800476519876,
              4.629618623547152
            ],
            [
              -58.31547377658754,
              5.0562905179406386
            ],
            [
              -58.346458888106476,
              5.490678827521745
            ],
            [
              -58.320317161696494,
              5.925383945352428
            ],
            [
              -58.237363074210506,
              6.3529848345432205
            ],
            [
              -58.098872818318796,
              6.766162752333665
            ],
            [
              -57.90707444750761,
              7.157824814480672
            ],
            [
              -57.66512290566438,
              7.5212256801851005
            ],
            [
              -57.37705895714854,
              7.850085454619253
            ],
            [
              -57.0477511932781,
              8.13870171035242
            ],
            [
              -56.68282066532928,
              8.382053357755863
            ],
            [
              -56.28854828138817,
              8.575893988957493
            ],
            [
              -55.871765869150146,
              8.716832319108667
            ],
            [
              -55.439732680308126,
              8.802397482842498
            ],
            [
              -55.0,
              8.831087228322978
            ]
          ]
        ]
      }
    },
    {
      "type": "Feature",
      "properties": {
        "name": "French Guiana",
        "code": "GUF"
      },
      "geometry": {
        "type": "Polygon",
        "coordinates": [
          [
            [
              -52.50000000000001,
              8.331087228322978
            ],
            [
              -52.06084402998505,
              8.302412188845047
            ],
            [
              -51.62936582368232,
              8.216890117591419
            ],
            [
              -51.21309616861105,
              8.076020264063665
            ],
            [
              -50.8192761894351,
              7.882268731244647
            ],
            [
              -50.454722926982605,
              7.63902062348338
            ],
            [
              -50.12570657589885,
              7.350515190246872
            ],
            [
              -49.83784199992893,
              7.021765889526934
            ],
            [
              -49.595996279502366,
              6.658467575442946
            ],
            [
              -49.40421319616563,
              6.266893148148074
            ],
            [
              -49.265654814760445,
              5.853782005713802
            ],
            [
              -49.18255975426897,
              5.4262225369127135
            ],
            [
              -49.15621737673748,
              4.9915307290763895
            ],
            [
              -49.18695697162368,
              4.5571267769690476
            ],
            [
              -49.27415104116068,
              4.1304114034631745
            ],
            [
              -49.41623194905448,
              3.7186434685275143
            ],
            [
              -49.610721414924086,
              3.3288203654920094
            ],
            [
              -49.85427255200898,
              2.9675626853404236
            ],
            [
              -50.14272429370663,
              2.641004660755921
            ],
            [
              -50.471168087728884,
              2.3546919610373704
            ],
            [
              -50.83402662782304,
              2.113488468853796
            ],
            [
              -51.22514413887079,
              1.9214936993279477
            ],
            [
              -51.63788735308717,
              1.7819724923385984
            ],
            [
              -52.06525585604441,
              1.697298498037456
            ],
            [
              -52.50000000000001,
              1.6689127716770213
            ],
            [
              -52.9347441439556,
              1.697298498037456
            ],
            [
              -53.36211264691283,
              1.7819724923385982
            ],
            [
              -53.77485586112921,
              1.9214936993279472
            ],
            [
              -54.165973372176964,
              2.1134884688537956
            ],
            [
              -54.528831912271116,
              2.3546919610373704
            ],
            [
              -54.85727570629338,
              2.6410046607559194
            ],
            [
              -55.14572744799103,
              2.967562685340423
            ],
            [
              -55.38927858507593,
              3.328820365492007
            ],
            [
              -55.58376805094553,
              3.7186434685275143
            ],
            [
              -55.72584895883933,
              4.1304114034631745
            ],
            [
              -55.81304302837633,
              4.5571267769690476
            ],
            [
              -55.84378262326253,
              4.991530729076389
            ],
            [
              -55.81744024573104,
              5.426222536912712
            ],
            [
              -55.73434518523956,
              5.8537820057138
            ],
            [
              -55.59578680383438,
              6.266893148148071
            ],
            [
              -55.40400372049765,
              6.658467575442946
            ],
            [
              -55.16215800007108,
              7.0217658895269315
            ],
            [
              -54.874293424101154,
              7.350515190246871
            ],
            [
              -54.5452770730174,
              7.63902062348338
            ],
            [
              -54.18072381056491,
              7.882268731244645
            ],
            [
              -53.786903831388955,
              8.076020264063665
            ],
            [
              -53.370634176317694,
              8.216890117591419
            ],
            [
              -52.93915597001496,
              8.302412188845047
            ],
            [
              -52.50000000000001,
              8.331087228322978
            ]
          ]
        ]
      }
    },
    {
      "type": "Feature",
      "properties": {
        "name": "Brazil",
        "code": "BRA"
      },
      "geometry": {
        "type": "Polygon",
        "coordinates": [
          [
            [
              -38.0,
              -8.668912771677023
            ],
            [
              -37.56039169045948,
              -8.697095243889521
            ],
            [
              -37.128083447808784,
              -8.781173076624503
            ],
            [
              -36.71026104168107,
              -8.919745113204556
            ],
            [
              -36.31388352430309,
              -9.110501248914195
            ],
            [
              -35.94557444874349,
              -9.35025961762619
            ],
            [
              -35.61151827478379,
              -9.635017602658408
            ],
            [
              -35.31736323927951,
              -9.960015720381092
            ],
            [
              -35.0681316818003,
              -10.319813276799923
            ],
            [
              -34.86813856626094,
              -10.708374613677048
            ],
            [
              -34.72091877011072,
              -11.119164730512852
            ],
            [
              -34.62916365719394,
              -11.54525307201596
            ],
            [
              -34.59466752334451,
              -11.979424281923581
            ],
            [
              -34.61828469801556,
              -12.414294715703901
            ],
            [
              -34.69989837055793,
              -12.842433451727551
            ],
            [
              -34.83840253432496,
              -13.256486424658139
            ],
            [
              -35.03169873661391,
              -13.64930211842231
            ],
            [
              -35.276709508904204,
              -14.014057004992312
            ],
            [
              -35.56941035195169,
              -14.344378619981565
            ],
            [
              -35.90488189930319,
              -14.634463861501692
            ],
            [
              -36.27738334247536,
              -14.879189830755774
            ],
            [
              -36.680447371482664,
              -15.074214352984415
            ],
            [
              -37.10699581148221,
              -15.216063275310908
            ],
            [
              -37.549473912083656,
              -15.302201772996746
            ],
            [
              -38.0,
              -15.33108722832298
            ],
            [
              -38.45052608791635,
              -15.302201772996746
            ],
            [
              -38.8930041885178,
              -15.216063275310908
            ],
            [
              -39.31955262851734,
              -15.074214352984415
            ],
            [
              -39.72261665752465,
              -14.879189830755774
            ],
            [
              -40.095118100696816,
              -14.634463861501692
            ],
            [
              -40.43058964804831,
              -14.344378619981565
            ],
            [
              -40.7232904910958,
              -14.014057004992312
            ],
            [
              -40.968301263386095,
              -13.649302118422312
            ],
            [
              -41.161597465675044,
              -13.256486424658139
            ],
            [
              -41.300101629442075,
              -12.842433451727551
            ],
            [
              -41.38171530198444,
              -12.414294715703901
            ],
            [
              -41.40533247665549,
              -11.979424281923581
            ],
            [
              -41.370836342806065,
              -11.545253072015962
            ],
            [
              -41.27908122988929,
              -11.119164730512853
            ],
            [
              -41.13186143373906,
              -10.708374613677051
            ],
            [
              -40.931868318199705,
              -10.319813276799923
            ],
            [
              -40.68263676072049,
              -9.960015720381096
            ],
            [
              -40.388481725216224,
              -9.63501760265841
            ],
            [
              -40.05442555125651,
              -9.350259617626191
            ],
            [
              -39.68611647569692,
              -9.110501248914197
            ],
            [
              -39.28973895831893,
              -8.919745113204556
            ],
            [
              -38.87191655219122,
              -8.781173076624505
            ],
            [
              -38.43960830954053,
              -8.697095243889521
            ],
            [
              -38.0,
              -8.668912771677023
            ]
          ]
        ]
      }
    },
    {
      "type": "Feature",
      "properties": {
        "name": "Uruguay",
        "code": "URY"
      },
      "geometry": {
        "type": "Polygon",
        "coordinates": [
          [
            [
              -54.0,
              -31.66891277167702
            ],
            [
              -53.48926642759299,
              -31.69632967574521
            ],
            [
              -52.98633719744256,
              -31.778159469616977
            ],
            [
              -52.498935047235264,
              -31.91314409507497
            ],
            [
              -52.034618862598066,
              -32.09920243708696
            ],
            [
              -51.600700129881375,
              -32.333453776795814
            ],
            [
              -51.204157418753816,
              -32.612250604158156
            ],
            [
              -50.85154823792038,
              -32.93122080757461
            ],
            [
              -50.54891768651705,
              -33.28531930789256
            ],
            [
              -50.301703513824386,
              -33.66888927051233
            ],
            [
              -50.11463754846683,
              -34.07573309784209
            ],
            [
              -49.99164400798679,
              -34.499193452615756
            ],
            [
              -49.93573597933974,
              -34.932244560761426
            ],
            [
              -49.948912373868595,
              -35.3675939554705
            ],
            [
              -50.0320588721792,
              -35.79779461533814
            ],
            [
              -50.18485770057799,
              -36.2153670867125
            ],
            [
              -50.405712378733924,
              -36.61293064335097
            ],
            [
              -50.69169464759739,
              -36.98334182538358
            ],
            [
              -51.03852138332129,
              -37.31983784381992
            ],
            [
              -51.440569171288175,
              -37.6161814010892
            ],
            [
              -51.89093313715755,
              -37.86680256323717
            ],
            [
              -52.38153449274661,
              -38.0669325553995
            ],
            [
              -52.903278098795646,
              -38.21272388155379
            ],
            [
              -53.44625742050268,
              -38.30135112228421
            ],
            [
              -54.0,
              -38.33108722832297
            ],
            [
              -54.55374257949732,
              -38.30135112228421
            ],
            [
              -55.096721901204354,
              -38.21272388155379
            ],
            [
              -55.61846550725339,
              -38.0669325553995
            ],
            [
              -56.10906686284244,
              -37.86680256323717
            ],
            [
              -56.55943082871182,
              -37.6161814010892
            ],
            [
              -56.96147861667871,
              -37.31983784381992
            ],
            [
              -57.308305352402606,
              -36.98334182538358
            ],
            [
              -57.594287621266076,
              -36.61293064335097
            ],
            [
              -57.81514229942201,
              -36.2153670867125
            ],
            [
              -57.9679411278208,
              -35.79779461533814
            ],
            [
              -58.0510876261314,
              -35.3675939554705
            ],
            [
              -58.06426402066027,
              -34.932244560761426
            ],
            [
              -58.0083559920132,
              -34.499193452615756
            ],
            [
              -57.885362451533176,
              -34.07573309784209
            ],
            [
              -57.69829648617561,
              -33.66888927051233
            ],
            [
              -57.45108231348296,
              -33.28531930789256
            ],
            [
              -57.14845176207962,
              -32.93122080757462
            ],
            [
              -56.795842581246184,
              -32.612250604158156
            ],
            [
              -56.399299870118625,
              -32.333453776795814
            ],
            [
              -55.965381137401934,
              -32.09920243708696
            ],
            [
              -55.501064952764736,
              -31.91314409507497
            ],
            [
              -55.01366280255744,
              -31.778159469616977
            ],
            [
              -54.51073357240701,
              -31.69632967574521
            ],
            [
              -54.0,
              -31.66891277167702
            ]
          ]
        ]
      }
    },
    {
      "type": "Feature",
      "properties": {
        "name": "Argentina",
        "code": "ARG"
      },
      "geometry": {
        "type": "Polygon",
        "coordinates": [
          [
            [
              -62.0,
              -39.66891277167703
            ],
            [
              -61.435233678845584,
              -39.695979357450604
            ],
            [
              -60.87876366334164,
              -39.77677914474683
            ],
            [
              -60.33881851228816,
              -39.91011583731645
            ],
            [
              -59.82348971668076,
              -40.09400768422309
            ],
            [
              -59.34065921093316,
              -40.32570570464873
            ],
            [
              -58.89792209975409,
              -40.60171944205671
            ],
            [
              -58.50250299075307,
              -40.91785052597234
            ],
            [
              -58.161164406783264,
              -41.269234444919
            ],
            [
              -57.8801059747217,
              -41.65039107685092
            ],
            [
              -57.664853519967984,
              -42.055284669406056
            ],
            [
              -57.52013791240997,
              -42.47739408705698
            ],
            [
              -57.44976457562069,
              -42.90979421085688
            ],
            [
              -57.45647602730371,
              -43.345249344490554
            ],
            [
              -57.54181165895402,
              -43.776319296841876
            ],
            [
              -57.705971106470614,
              -44.19547842504341
            ],
            [
              -57.94768983264001,
              -44.59524729107855
            ],
            [
              -58.26413764438842,
              -44.96833569001244
            ],
            [
              -58.650852401375914,
              -45.3077946669872
            ],
            [
              -59.10172166805311,
              -45.60717382303236
            ],
            [
              -59.609024061836855,
              -45.86067884592593
            ],
            [
              -60.16353923116023,
              -46.06332297689301
            ],
            [
              -60.75473070178055,
              -46.211065256964716
            ],
            [
              -61.37099957737745,
              -46.30092810523908
            ],
            [
              -62.0,
              -46.33108722832298
            ],
            [
              -62.62900042262255,
              -46.30092810523908
            ],
            [
              -63.24526929821945,
              -46.211065256964716
            ],
            [
              -63.83646076883976,
              -46.06332297689301
            ],
            [
              -64.39097593816314,
              -45.86067884592593
            ],
            [
              -64.89827833194688,
              -45.60717382303236
            ],
            [
              -65.34914759862409,
              -45.307794666987206
            ],
            [
              -65.73586235561157,
              -44.96833569001244
            ],
            [
              -66.05231016735999,
              -44.59524729107855
            ],
            [
              -66.29402889352939,
              -44.19547842504341
            ],
            [
              -66.45818834104598,
              -43.776319296841876
            ],
            [
              -66.54352397269629,
              -43.345249344490554
            ],
            [
              -66.55023542437931,
              -42.90979421085688
            ],
            [
              -66.47986208759002,
              -42.47739408705698
            ],
            [
              -66.33514648003201,
              -42.055284669406056
            ],
            [
              -66.1198940252783,
              -41.65039107685092
            ],
            [
              -65.83883559321673,
              -41.269234444919
            ],
            [
              -65.49749700924693,
              -40.917850525972355
            ],
            [
              -65.1020779002459,
              -40.60171944205671
            ],
            [
              -64.65934078906683,
              -40.32570570464873
            ],
            [
              -64.17651028331925,
              -40.09400768422309
            ],
            [
              -63.661181487711836,
              -39.91011583731645
            ],
            [
              -63.12123633665836,
              -39.77677914474683
            ],
            [
              -62.564766321154416,
              -39.695979357450604
            ],
            [
              -62.0,
              -39.66891277167703
            ]
          ]
        ]
      }
    },
    {
      "type": "Feature",
      "properties": {
        "name": "Chile",
        "code": "CHL"
      },
      "geometry": {
        "type": "Polygon",
        "coordinates": [
          [
            [
              -72.0,
              -26.668912771677018
            ],
            [
              -71.51359403244543,
              -26.69651862012595
            ],
            [
              -71.03477764559507,
              -26.77890360785945
            ],
            [
              -70.57105150791377,
              -26.91477540365359
            ],
            [
              -70.12973836945125,
              -27.10199789247847
            ],
            [
              -69.71789384475021,
              -27.337617714547754
            ],
            [
              -69.34221683538102,
              -27.61790120805421
            ],
            [
              -69.00895942653288,
              -27.93838158812086
            ],
            [
              -68.72383612750905,
              -28.29391619897377
            ],
            [
              -68.49193245328388,
              -28.678753701695694
            ],
            [
              -68.31761310352599,
              -29.086611092746832
            ],
            [
              -68.2044304196122,
              -29.5107604676979
            ],
            [
              -68.15503440701504,
              -29.944125422981013
            ],
            [
              -68.17108639410519,
              -30.37938689491331
            ],
            [
              -68.25317932047953,
              -30.809098039058345
            ],
            [
              -68.40076863058488,
              -31.225807429024737
            ],
            [
              -68.61211867151336,
              -31.62218938888535
            ],
            [
              -68.88427019914077,
              -31.991179673082488
            ],
            [
              -69.21303490222142,
              -32.32611400216835
            ],
            [
              -69.59302257997375,
              -32.62086621028099
            ],
            [
              -70.0177056147053,
              -32.86998204611821
            ],
            [
              -70.47952360839246,
              -33.068804098338155
            ],
            [
              -70.97002856174477,
              -33.21358299954962
            ],
            [
              -71.48006796750046,
              -33.301570097392215
            ],
            [
              -72.0,
              -33.33108722832298
            ],
            [
              -72.51993203249954,
              -33.301570097392215
            ],
            [
              -73.02997143825522,
              -33.21358299954962
            ],
            [
              -73.52047639160754,
              -33.068804098338155
            ],
            [
              -73.9822943852947,
              -32.86998204611821
            ],
            [
              -74.40697742002625,
              -32.62086621028099
            ],
            [
              -74.78696509777858,
              -32.32611400216835
            ],
            [
              -75.11572980085923,
              -31.991179673082488
            ],
            [
              -75.38788132848664,
              -31.622189388885356
            ],
            [
              -75.59923136941512,
              -31.225807429024737
            ],
            [
              -75.74682067952047,
              -30.809098039058345
            ],
            [
              -75.82891360589481,
              -30.37938689491331
            ],
            [
              -75.84496559298496,
              -29.944125422981013
            ],
            [
              -75.7955695803878,
              -29.5107604676979
            ],
            [
              -75.68238689647401,
              -29.08661109274684
            ],
            [
              -75.50806754671612,
              -28.6787537016957
            ],
            [
              -75.27616387249095,
              -28.29391619897377
            ],
            [
              -74.99104057346713,
              -27.93838158812086
            ],
            [
              -74.65778316461898,
              -27.617901208054214
            ],
            [
              -74.28210615524979,
              -27.337617714547754
            ],
            [
              -73.87026163054875,
              -27.101997892478472
            ],
            [
              -73.42894849208623,
              -26.91477540365359
            ],
            [
              -72.96522235440494,
              -26.77890360785945
            ],
            [
              -72.48640596755457,
              -26.69651862012595
            ],
            [
              -72.0,
              -26.668912771677018
            ]
          ]
        ]
      }
    },
    {
      "type": "Feature",
      "properties": {
        "name": "Peru",
        "code": "PER"
      },
      "geometry": {
        "type": "Polygon",
        "coordinates": [
          [
            [
              -80.0,
              -6.668912771677021
            ],
            [
              -79.56246097078125,
              -6.697153823585178
            ],
            [
              -79.13223285030287,
              -6.781403505201328
            ],
            [
              -78.7165090909547,
              -6.9202492436607095
            ],
            [
              -78.32225034850607,
              -7.111362738706238
            ],
            [
              -77.95607324186452,
              -7.351538339414985
            ],
            [
              -77.62414495372583,
              -7.636745611473395
            ],
            [
              -77.33208509780269,
              -7.962195043483118
            ],
            [
              -77.08487594124526,
              -8.322415676424924
            ],
            [
              -76.88678176532514,
              -8.711343348093168
            ],
            [
              -76.74127792158977,
              -9.122418212804845
            ],
            [
              -76.65099002968442,
              -9.548690205652997
            ],
            [
              -76.61764378319086,
              -9.982931143741597
            ],
            [
              -76.64202597510601,
              -10.417752166046768
            ],
            [
              -76.72395759583188,
              -10.845725183179141
            ],
            [
              -76.8622801435962,
              -11.259506919614436
            ],
            [
              -77.0548565537765,
              -11.651963975713734
            ],
            [
              -77.29858832488361,
              -12.016297120052494
            ],
            [
              -77.5894504217527,
              -12.346162763457844
            ],
            [
              -77.92254531082249,
              -12.635789297346724
            ],
            [
              -78.29217699354982,
              -12.880085743400766
            ],
            [
              -78.69194515288292,
              -13.0747400072752
            ],
            [
              -79.11485855696054,
              -13.216304001870705
            ],
            [
              -79.55346575798295,
              -13.302263041748745
            ],
            [
              -80.0,
              -13.331087228322978
            ],
            [
              -80.44653424201705,
              -13.302263041748745
            ],
            [
              -80.88514144303946,
              -13.216304001870707
            ],
            [
              -81.30805484711708,
              -13.074740007275201
            ],
            [
              -81.70782300645017,
              -12.880085743400766
            ],
            [
              -82.0774546891775,
              -12.635789297346724
            ],
            [
              -82.41054957824728,
              -12.346162763457844
            ],
            [
              -82.70141167511639,
              -12.016297120052496
            ],
            [
              -82.9451434462235,
              -11.651963975713736
            ],
            [
              -83.1377198564038,
              -11.259506919614436
            ],
            [
              -83.27604240416812,
              -10.845725183179141
            ],
            [
              -83.35797402489398,
              -10.417752166046768
            ],
            [
              -83.38235621680914,
              -9.982931143741597
            ],
            [
              -83.34900997031558,
              -9.548690205653
            ],
            [
              -83.25872207841023,
              -9.122418212804847
            ],
            [
              -83.11321823467486,
              -8.71134334809317
            ],
            [
              -82.91512405875473,
              -8.322415676424924
            ],
            [
              -82.66791490219731,
              -7.962195043483121
            ],
            [
              -82.37585504627417,
              -7.636745611473396
            ],
            [
              -82.04392675813548,
              -7.3515383394149865
            ],
            [
              -81.67774965149391,
              -7.111362738706239
            ],
            [
              -81.28349090904528,
              -6.920249243660709
            ],
            [
              -80.86776714969713,
              -6.781403505201329
            ],
            [
              -80.43753902921875,
              -6.697153823585178
            ],
            [
              -80.0,
              -6.668912771677021
            ]
          ]
        ]
      }
    },
    {
      "type": "Feature",
      "properties": {
        "name": "Ecuador",
        "code": "ECU"
      },
      "geometry": {
        "type": "Polygon",
        "coordinates": [
          [
            [
              -81.0,
              1.3310872283229784
            ],
            [
              -80.56533426868982,
              1.3026151972314484
            ],
            [
              -80.1381096525308,
              1.217688151756363
            ],
            [
              -79.72563560974491,
              1.0777643339779157
            ],
            [
              -79.33496145525778,
              0.8852447271418601
            ],
            [
              -78.97275400186857,
              0.6434297824744314
            ],
            [
              -78.64518388917664,
              0.3564604792989838
            ],
            [
              -78.35782263605915,
              0.02924520461214796
            ],
            [
              -78.1155518714298,
              -0.3326258344687973
            ],
            [
              -77.92248563510675,
              -0.7229768321258873
            ],
            [
              -77.78190616268047,
              -1.1351513810710547
            ],
            [
              -77.69621322436588,
              -1.5621244339705762
            ],
            [
              -77.66688690290188,
              -1.9966195041441313
            ],
            [
              -77.69446366800308,
              -2.431229474535749
            ],
            [
              -77.77852570781313,
              -2.8585394550979024
            ],
            [
              -77.91770366368753,
              -3.2712501546199193
            ],
            [
              -78.10969312209865,
              -3.6623002020230246
            ],
            [
              -78.35128537992576,
              -4.024985765289556
            ],
            [
              -78.63841305436688,
              -4.3530756874415975
            ],
            [
              -78.96621100706362,
              -4.640920213636191
            ],
            [
              -79.3290927662507,
              -4.883551254932636
            ],
            [
              -79.72084216096823,
              -5.076772059514335
            ],
            [
              -80.13471925797316,
              -5.21723417587152
            ],
            [
              -80.56357897364111,
              -5.302499721457187
            ],
            [
              -81.0,
              -5.331087228322978
            ],
            [
              -81.43642102635887,
              -5.302499721457187
            ],
            [
              -81.86528074202684,
              -5.21723417587152
            ],
            [
              -82.27915783903177,
              -5.076772059514336
            ],
            [
              -82.6709072337493,
              -4.883551254932636
            ],
            [
              -83.03378899293638,
              -4.640920213636191
            ],
            [
              -83.36158694563312,
              -4.353075687441598
            ],
            [
              -83.64871462007424,
              -4.024985765289557
            ],
            [
              -83.89030687790134,
              -3.6623002020230273
            ],
            [
              -84.08229633631247,
              -3.2712501546199193
            ],
            [
              -84.22147429218687,
              -2.8585394550979024
            ],
            [
              -84.30553633199692,
              -2.431229474535749
            ],
            [
              -84.3331130970981,
              -1.9966195041441326
            ],
            [
              -84.30378677563412,
              -1.5621244339705775
            ],
            [
              -84.21809383731953,
              -1.135151381071056
            ],
            [
              -84.07751436489325,
              -0.7229768321258894
            ],
            [
              -83.8844481285702,
              -0.3326258344687973
            ],
            [
              -83.64217736394085,
              0.02924520461214518
            ],
            [
              -83.35481611082336,
              0.35646047929898295
            ],
            [
              -83.02724599813143,
              0.6434297824744306
            ],
            [
              -82.66503854474222,
              0.8852447271418589
            ],
            [
              -82.27436439025509,
              1.0777643339779162
            ],
            [
              -81.8618903474692,
              1.2176881517563622
            ],
            [
              -81.43466573131018,
              1.3026151972314484
            ],
            [
              -81.0,
              1.3310872283229784
            ]
          ]
        ]
      }
    },
    {
      "type": "Feature",
      "properties": {
        "name": "United Kingdom",
        "code": "GBR"
      },
      "geometry": {
        "type": "Polygon",
        "coordinates": [
          [
            [
              -3.0000000000000004,
              56.33108722832297
            ],
            [
              -2.216780757227311,
              56.30018157575159
            ],
            [
              -1.4505518522134107,
              56.20814151764947
            ],
            [
              -0.7176875206440348,
              56.056972118186955
            ],
            [
              -0.033378886878842856,
              55.84993192863314
            ],
            [
              0.5888422671702512,
              55.59141557729206
            ],
            [
              1.1374603304508826,
              55.28680300777434
            ],
            [
              1.6032004593119489,
              54.94228641241995
            ],
            [
              1.979123476431144,
              54.564686097068474
            ],
            [
              2.260605986946993,
              54.1612654436675
            ],
            [
              2.4452286043803095,
              53.73955321063972
            ],
            [
              2.5325985350497913,
              53.307179085734774
            ],
            [
              2.524132208537488,
              52.8717260877804
            ],
            [
              2.4228203575970197,
              52.440601391164975
            ],
            [
              2.2329932190846207,
              52.02092557546905
            ],
            [
              1.9600984250428783,
              51.61943922216
            ],
            [
              1.6104994311710052,
              51.242425149352606
            ],
            [
              1.1912984069693655,
              50.89564430865507
            ],
            [
              0.7101845361266118,
              50.584283364996246
            ],
            [
              0.17530661218299165,
              50.3129121465858
            ],
            [
              -0.40483247399429395,
              50.08544940954618
            ],
            [
              -1.021462449240506,
              49.90513565194154
            ],
            [
              -1.6656169407780403,
              49.77451199585085
            ],
            [
              -2.3281926987383885,
              49.695404411200265
            ],
            [
              -2.9999999999999996,
              49.66891277167702
            ],
            [
              -3.671807301261611,
              49.695404411200265
            ],
            [
              -4.334383059221959,
              49.77451199585085
            ],
            [
              -4.978537550759493,
              49.90513565194154
            ],
            [
              -5.595167526005705,
              50.08544940954617
            ],
            [
              -6.175306612182991,
              50.3129121465858
            ],
            [
              -6.71018453612661,
              50.584283364996246
            ],
            [
              -7.191298406969366,
              50.89564430865507
            ],
            [
              -7.610499431171004,
              51.242425149352606
            ],
            [
              -7.960098425042878,
              51.61943922216
            ],
            [
              -8.232993219084621,
              52.02092557546905
            ],
            [
              -8.422820357597022,
              52.440601391164975
            ],
            [
              -8.52413220853749,
              52.8717260877804
            ],
            [
              -8.532598535049791,
              53.307179085734774
            ],
            [
              -8.44522860438031,
              53.73955321063972
            ],
            [
              -8.260605986946993,
              54.1612654436675
            ],
            [
              -7.979123476431145,
              54.564686097068474
            ],
            [
              -7.603200459311953,
              54.94228641241995
            ],
            [
              -7.1374603304508835,
              55.28680300777434
            ],
            [
              -6.5888422671702545,
              55.59141557729206
            ],
            [
              -5.96662111312116,
              55.84993192863314
            ],
            [
              -5.282312479355965,
              56.056972118186955
            ],
            [
              -4.5494481477865945,
              56.20814151764947
            ],
            [
              -3.7832192427726903,
              56.30018157575159
            ],
            [
              -3.0000000000000004,
              56.33108722832297
            ]
          ]
        ]
      }
    },
    {
      "type": "Feature",
      "properties": {
        "name": "Ireland",
        "code": "IRL"
      },
      "geometry": {
        "type": "Polygon",
        "coordinates": [
          [
            [
              -10.0,
              56.831087228322986
            ],
            [
              -9.206366193133363,
              56.80013424036925
            ],
            [
              -8.430022866166295,
              56.70795627849272
            ],
            [
              -7.687626833228493,
              56.556570268077316
            ],
            [
              -6.994618725122519,
              56.34925311176721
            ],
            [
              -6.364734961556229,
              56.09042237917335
            ],
            [
              -5.809643810566493,
              55.785483284356374
            ],
            [
              -5.338718553665272,
              55.44065329298569
            ],
            [
              -4.958944714728447,
              55.06277586148866
            ],
            [
              -4.674945449857017,
              54.659133673904506
            ],
            [
              -4.489101002385868,
              54.237269731561604
            ],
            [
              -4.401734793996082,
              53.80482224380179
            ],
            [
              -4.41133947275174,
              53.369376883786224
            ],
            [
              -4.514819793022556,
              52.93833790689619
            ],
            [
              -4.707734213487982,
              52.518818035660175
            ],
            [
              -4.98452244345189,
              52.11754593013097
            ],
            [
              -5.338711071189818,
              51.740789439216854
            ],
            [
              -5.763093449761126,
              51.394292575514754
            ],
            [
              -6.249883056094978,
              51.0832241693356
            ],
            [
              -6.790841626811082,
              50.81213633951753
            ],
            [
              -7.377384660140533,
              50.58493118950027
            ],
            [
              -8.000667546519354,
              50.40483443808707
            ],
            [
              -8.651655837215703,
              50.274374986351404
            ],
            [
              -9.321183142709488,
              50.19536968305868
            ],
            [
              -10.0,
              50.16891277167702
            ],
            [
              -10.67881685729051,
              50.19536968305868
            ],
            [
              -11.348344162784295,
              50.274374986351404
            ],
            [
              -11.999332453480644,
              50.40483443808707
            ],
            [
              -12.622615339859465,
              50.58493118950027
            ],
            [
              -13.209158373188917,
              50.81213633951753
            ],
            [
              -13.75011694390502,
              51.0832241693356
            ],
            [
              -14.236906550238873,
              51.394292575514754
            ],
            [
              -14.661288928810182,
              51.740789439216854
            ],
            [
              -15.01547755654811,
              52.11754593013097
            ],
            [
              -15.292265786512017,
              52.518818035660175
            ],
            [
              -15.485180206977443,
              52.93833790689619
            ],
            [
              -15.58866052724826,
              53.369376883786224
            ],
            [
              -15.598265206003916,
              53.80482224380179
            ],
            [
              -15.510898997614133,
              54.237269731561604
            ],
            [
              -15.325054550142983,
              54.659133673904506
            ],
            [
              -15.041055285271552,
              55.06277586148866
            ],
            [
              -14.661281446334732,
              55.44065329298569
            ],
            [
              -14.190356189433507,
              55.785483284356374
            ],
            [
              -13.635265038443771,
              56.09042237917335
            ],
            [
              -13.005381274877484,
              56.34925311176721
            ],
            [
              -12.312373166771504,
              56.556570268077316
            ],
            [
              -11.569977133833708,
              56.70795627849272
            ],
            [
              -10.793633806866636,
              56.80013424036925
            ],
            [
              -10.0,
              56.831087228322986
            ]
          ]
        ]
      }
    },
    {
      "type": "Feature",
      "properties": {
        "name": "Iceland",
        "code": "ISL"
      },
      "geometry": {
        "type": "Polygon",
        "coordinates": [
          [
            [
              -21.0,
              67.83108722832297
            ],
            [
              -19.849905354421214,
              67.7986144214355
            ],
            [
              -18.728425278361378,
              67.7020183515884
            ],
            [
              -17.66275666724994,
              67.54372263274394
            ],
            [
              -16.677422843809275,
              67.32762730405967
            ],
            [
              -15.793307335679101,
              67.05891775740662
            ],
            [
              -15.027048462598861,
              66.74382892949536
            ],
            [
              -14.390803169780137,
              66.38938827973904
            ],
            [
              -13.892335854342836,
              66.00315910741462
            ],
            [
              -13.535354883098288,
              65.5930010540954
            ],
            [
              -13.320007921758272,
              65.16685876651088
            ],
            [
              -13.243452943589128,
              64.7325840303868
            ],
            [
              -13.300438017204323,
              64.29779210089522
            ],
            [
              -13.483843043766889,
              63.869749795497405
            ],
            [
              -13.785155700020205,
              63.455291126938256
            ],
            [
              -14.19486931813426,
              63.060755564698276
            ],
            [
              -14.70280146947388,
              62.69194408102465
            ],
            [
              -15.298338928344638,
              62.35408864947512
            ],
            [
              -15.970618319186762,
              62.05183157781303
            ],
            [
              -16.708653060460694,
              61.78921180983279
            ],
            [
              -17.501417067044553,
              61.569656026220045
            ],
            [
              -18.337894723142234,
              61.39597296635409
            ],
            [
              -19.20710535431116,
              61.2703498671828
            ],
            [
              -20.098109110399953,
              61.19435027747797
            ],
            [
              -21.0,
              61.168912771677014
            ],
            [
              -21.901890889600047,
              61.19435027747797
            ],
            [
              -22.792894645688843,
              61.2703498671828
            ],
            [
              -23.662105276857762,
              61.39597296635409
            ],
            [
              -24.498582932955443,
              61.569656026220045
            ],
            [
              -25.291346939539302,
              61.78921180983279
            ],
            [
              -26.029381680813238,
              62.05183157781303
            ],
            [
              -26.701661071655362,
              62.35408864947512
            ],
            [
              -27.297198530526117,
              62.69194408102464
            ],
            [
              -27.805130681865744,
              63.060755564698276
            ],
            [
              -28.2148442999798,
              63.455291126938256
            ],
            [
              -28.516156956233115,
              63.869749795497405
            ],
            [
              -28.699561982795682,
              64.29779210089522
            ],
            [
              -28.756547056410874,
              64.7325840303868
            ],
            [
              -28.67999207824173,
              65.16685876651088
            ],
            [
              -28.464645116901714,
              65.5930010540954
            ],
            [
              -28.107664145657168,
              66.00315910741462
            ],
            [
              -27.609196830219872,
              66.38938827973904
            ],
            [
              -26.97295153740114,
              66.74382892949536
            ],
            [
              -26.206692664320904,
              67.05891775740662
            ],
            [
              -25.322577156190732,
              67.32762730405967
            ],
            [
              -24.33724333275006,
              67.54372263274394
            ],
            [
              -23.271574721638633,
              67.7020183515884
            ],
            [
              -22.15009464557879,
              67.7986144214355
            ],
            [
              -21.0,
              67.83108722832297
            ]
          ]
        ]
      }
    },
    {
      "type": "Feature",
      "properties": {
        "name": "Norway",
        "code": "NOR"
      },
      "geometry": {
        "type": "Polygon",
        "coordinates": [
          [
            [
              10.0,
              67.331087228323
            ],
            [
              11.12606134167479,
              67.29871304270593
            ],
            [
              12.224338126911466,
              67.20240308631783
            ],
            [
              13.268398310182715,
              67.04455304145606
            ],
            [
              14.234363484042117,
              66.82902052000362
            ],
            [
              15.101838372533445,
              66.56093931051345
            ],
            [
              15.854500787660834,
              66.24648954884285
            ],
            [
              16.480342307511883,
              65.89264637571394
            ],
            [
              16.97159930483193,
              65.50692790196189
            ],
            [
              17.324445511441812,
              65.0971589211106
            ],
            [
              17.53852907812479,
              64.67126125821463
            ],
            [
              17.616432628821116,
              64.23707622089265
            ],
            [
              17.563120269263933,
              63.802220170674566
            ],
            [
              17.385417017197195,
              63.37397111572552
            ],
            [
              17.091548224251806,
              62.95918241474466
            ],
            [
              16.690751823459067,
              62.5642189340186
            ],
            [
              16.192965552822933,
              62.19491099853334
            ],
            [
              15.608584476340996,
              61.856521925956876
            ],
            [
              14.948280414972126,
              61.553725594725414
            ],
            [
              14.222873433553955,
              61.29059121295802
            ],
            [
              13.443245505660727,
              61.07057312609214
            ],
            [
              12.620287265639343,
              60.89650407881367
            ],
            [
              11.764869904809977,
              60.770590814351706
            ],
            [
              10.88783548038595,
              60.694411254597334
            ],
            [
              10.000000000000002,
              60.66891277167703
            ],
            [
              9.112164519614051,
              60.694411254597334
            ],
            [
              8.235130095190025,
              60.770590814351706
            ],
            [
              7.379712734360658,
              60.89650407881367
            ],
            [
              6.556754494339274,
              61.07057312609214
            ],
            [
              5.777126566446048,
              61.29059121295802
            ],
            [
              5.051719585027876,
              61.553725594725414
            ],
            [
              4.391415523659006,
              61.856521925956876
            ],
            [
              3.8070344471770707,
              62.19491099853334
            ],
            [
              3.309248176540931,
              62.5642189340186
            ],
            [
              2.908451775748194,
              62.95918241474466
            ],
            [
              2.6145829828028027,
              63.37397111572552
            ],
            [
              2.436879730736065,
              63.802220170674566
            ],
            [
              2.3835673711788825,
              64.23707622089265
            ],
            [
              2.461470921875209,
              64.67126125821463
            ],
            [
              2.675554488558185,
              65.0971589211106
            ],
            [
              3.0284006951680693,
              65.50692790196189
            ],
            [
              3.5196576924881118,
              65.89264637571394
            ],
            [
              4.145499212339168,
              66.24648954884283
            ],
            [
              4.898161627466552,
              66.56093931051345
            ],
            [
              5.765636515957879,
              66.82902052000362
            ],
            [
              6.731601689817287,
              67.04455304145606
            ],
            [
              7.775661873088525,
              67.20240308631783
            ],
            [
              8.873938658325208,
              67.29871304270593
            ],
            [
              10.0,
              67.331087228323
            ]
          ]
        ]
      }
    },
    {
      "type": "Feature",
      "properties": {
        "name": "Sweden",
        "code": "SWE"
      },
      "geometry": {
        "type": "Polygon",
        "coordinates": [
          [
            [
              18.0,
              61.33108722832297
            ],
            [
              18.904916877435735,
              61.299642527233566
            ],
            [
              19.789230514719463,
              61.20603309757344
            ],
            [
              20.633176567567798,
              61.05240192745898
            ],
            [
              21.418591746259008,
              60.842220329938094
            ],
            [
              22.129535607350114,
              60.5801477375679
            ],
            [
              22.752731068671885,
              60.27185407085667
            ],
            [
              23.27780939959981,
              59.92381937687951
            ],
            [
              23.69737017273084,
              59.54312518146451
            ],
            [
              24.006885137462532,
              59.137250023493664
            ],
            [
              24.204485255397074,
              58.71387863005637
            ],
            [
              24.290672564130173,
              58.280730856884944
            ],
            [
              24.26799496135108,
              57.845413426813955
            ],
            [
              24.140714845896436,
              57.415294998408804
            ],
            [
              23.91449405727621,
              56.997403322415394
            ],
            [
              23.596109372774347,
              56.59834216969132
            ],
            [
              23.193205919013526,
              56.224225221378724
            ],
            [
              22.714090616544627,
              55.88062404518767
            ],
            [
              22.167564182680977,
              55.57252748981852
            ],
            [
              21.562788027157453,
              55.3043101872121
            ],
            [
              20.909181258986113,
              55.07970826657867
            ],
            [
              20.2163426538837,
              54.901800793428016
            ],
            [
              19.493992528254335,
              54.772995815447345
            ],
            [
              18.751929807275832,
              54.69502020889524
            ],
            [
              18.0,
              54.66891277167703
            ],
            [
              17.248070192724168,
              54.69502020889524
            ],
            [
              16.506007471745665,
              54.77299581544734
            ],
            [
              15.783657346116298,
              54.901800793428016
            ],
            [
              15.090818741013885,
              55.07970826657867
            ],
            [
              14.437211972842546,
              55.3043101872121
            ],
            [
              13.832435817319027,
              55.57252748981852
            ],
            [
              13.285909383455374,
              55.88062404518767
            ],
            [
              12.806794080986473,
              56.224225221378724
            ],
            [
              12.403890627225655,
              56.59834216969132
            ],
            [
              12.085505942723788,
              56.997403322415394
            ],
            [
              11.859285154103562,
              57.415294998408804
            ],
            [
              11.732005038648921,
              57.845413426813955
            ],
            [
              11.709327435869831,
              58.28073085688493
            ],
            [
              11.795514744602928,
              58.71387863005637
            ],
            [
              11.993114862537468,
              59.13725002349365
            ],
            [
              12.302629827269161,
              59.54312518146451
            ],
            [
              12.722190600400186,
              59.92381937687949
            ],
            [
              13.247268931328113,
              60.27185407085667
            ],
            [
              13.870464392649886,
              60.5801477375679
            ],
            [
              14.581408253740989,
              60.842220329938094
            ],
            [
              15.366823432432202,
              61.05240192745898
            ],
            [
              16.210769485280533,
              61.206033097573425
            ],
            [
              17.095083122564265,
              61.299642527233566
            ],
            [
              18.0,
              61.33108722832297
            ]
          ]
        ]
      }
    },
    {
      "type": "Feature",
      "properties": {
        "name": "Finland",
        "code": "FIN"
      },
      "geometry": {
        "type": "Polygon",
        "coordinates": [
          [
            [
              22.0,
              63.33108722832298
            ],
            [
              22.967153540826413,
              63.29937598805069
            ],
            [
              23.911764722709194,
              63.20499142843023
            ],
            [
              24.81225969266733,
              63.05014706112351
            ],
            [
              25.64890735730521,
              62.83842246143633
            ],
            [
              26.40452216699837,
              62.574610830666316
            ],
            [
              27.064947489002726,
              62.26452716044624
            ],
            [
              27.619305459603662,
              61.91479374168205
            ],
            [
              28.060029831326027,
              61.53261918592429
            ],
            [
              28.382720285738472,
              61.12558457929434
            ],
            [
              28.585867849752855,
              60.70144673885355
            ],
            [
              28.670502330772788,
              60.26796464842684
            ],
            [
              28.63980680859688,
              59.832751665877616
            ],
            [
              28.498734452854553,
              59.40315338290836
            ],
            [
              28.253652106479556,
              58.98614918893979
            ],
            [
              27.912025135867232,
              58.58827456861318
            ],
            [
              27.482150021153643,
              58.21556077937236
            ],
            [
              26.9729353423413,
              57.87348861725208
            ],
            [
              26.393728044579596,
              57.566953308940654
            ],
            [
              25.754179749638332,
              57.30023802757759
            ],
            [
              25.064146972335287,
              57.0769940213844
            ],
            [
              24.333618988465492,
              56.900225807688976
            ],
            [
              23.572667450350313,
              56.77228028837133
            ],
            [
              22.79141240852244,
              56.694838974692836
            ],
            [
              22.0,
              56.668912771677014
            ],
            [
              21.20858759147756,
              56.694838974692836
            ],
            [
              20.427332549649687,
              56.77228028837133
            ],
            [
              19.666381011534504,
              56.900225807688976
            ],
            [
              18.935853027664713,
              57.0769940213844
            ],
            [
              18.245820250361668,
              57.30023802757759
            ],
            [
              17.606271955420404,
              57.566953308940654
            ],
            [
              17.027064657658702,
              57.87348861725208
            ],
            [
              16.517849978846357,
              58.21556077937236
            ],
            [
              16.087974864132764,
              58.58827456861318
            ],
            [
              15.746347893520442,
              58.98614918893979
            ],
            [
              15.501265547145445,
              59.40315338290836
            ],
            [
              15.360193191403118,
              59.832751665877616
            ],
            [
              15.329497669227212,
              60.26796464842684
            ],
            [
              15.41413215024714,
              60.70144673885355
            ],
            [
              15.617279714261528,
              61.12558457929434
            ],
            [
              15.939970168673971,
              61.53261918592429
            ],
            [
              16.380694540396334,
              61.91479374168205
            ],
            [
              16.93505251099727,
              62.26452716044624
            ],
            [
              17.59547783300163,
              62.574610830666316
            ],
            [
              18.351092642694788,
              62.83842246143633
            ],
            [
              19.18774030733267,
              63.05014706112351
            ],
            [
              20.0882352772908,
              63.20499142843023
            ],
            [
              21.032846459173584,
              63.29937598805069
            ],
            [
              22.0,
              63.33108722832298
            ]
          ]
        ]
      }
    },
    {
      "type": "Feature",
      "properties": {
        "name": "Denmark",
        "code": "DNK"
      },
      "geometry": {
        "type": "Polygon",
        "coordinates": [
          [
            [
              9.0,
              59.331087228322986
            ],
            [
              9.851179465757403,
              59.299877105578496
            ],
            [
              10.6833797664769,
              59.20695033530942
            ],
            [
              11.478357431384746,
              59.05438911523855
            ],
            [
              12.21927685799539,
              58.84557115249739
            ],
            [
              12.89126574301425,
              58.58503969230614
            ],
            [
              13.48181853048783,
              58.27833788322015
            ],
            [
              13.981034022417619,
              57.93182050831293
            ],
            [
              14.381693555965985,
              57.552456082849986
            ],
            [
              14.679201808763917,
              57.14763077772524
            ],
            [
              14.871421625359744,
              56.724963123889594
            ],
            [
              14.958437285171813,
              56.292135578622535
            ],
            [
              14.942278614716376,
              55.856746284748304
            ],
            [
              14.826633097540313,
              55.426182054392704
            ],
            [
              14.616566435336441,
              55.00751190881389
            ],
            [
              14.318265257187145,
              54.607399413176225
            ],
            [
              13.93880974607002,
              54.232031478069636
            ],
            [
              13.485979271281444,
              53.88706113506962
            ],
            [
              12.968090755366566,
              53.57756190325965
            ],
            [
              12.39386732688112,
              53.30799163487639
            ],
            [
              11.772333579676816,
              53.08216407370101
            ],
            [
              11.112733217655169,
              52.90322671845162
            ],
            [
              10.424464775840717,
              52.77364391737056
            ],
            [
              9.717031280938675,
              52.69518440997916
            ],
            [
              9.0,
              52.668912771677036
            ],
            [
              8.282968719061326,
              52.69518440997916
            ],
            [
              7.575535224159285,
              52.77364391737056
            ],
            [
              6.887266782344833,
              52.90322671845162
            ],
            [
              6.227666420323184,
              53.08216407370101
            ],
            [
              5.606132673118882,
              53.30799163487639
            ],
            [
              5.031909244633438,
              53.57756190325965
            ],
            [
              4.514020728718558,
              53.88706113506962
            ],
            [
              4.061190253929979,
              54.232031478069636
            ],
            [
              3.681734742812855,
              54.607399413176225
            ],
            [
              3.38343356466356,
              55.00751190881389
            ],
            [
              3.173366902459686,
              55.426182054392704
            ],
            [
              3.057721385283626,
              55.856746284748304
            ],
            [
              3.0415627148281854,
              56.292135578622535
            ],
            [
              3.1285783746402553,
              56.72496312388958
            ],
            [
              3.3207981912360793,
              57.14763077772524
            ],
            [
              3.618306444034016,
              57.552456082849986
            ],
            [
              4.018965977582378,
              57.931820508312924
            ],
            [
              4.518181469512168,
              58.27833788322015
            ],
            [
              5.1087342569857475,
              58.58503969230614
            ],
            [
              5.780723142004608,
              58.84557115249739
            ],
            [
              6.521642568615255,
              59.05438911523855
            ],
            [
              7.316620233523093,
              59.20695033530942
            ],
            [
              8.148820534242597,
              59.299877105578496
            ],
            [
              9.0,
              59.331087228322986
            ]
          ]
        ]
      }
    },
    {
      "type": "Feature",
      "properties": {
        "name": "Germany",
        "code": "DEU"
      },
      "geometry": {
        "type": "Polygon",
        "coordinates": [
          [
            [
              8.0,
              57.831087228322986
            ],
            [
              8.815507004789918,
              57.80003567067287
            ],
            [
              9.613087727135436,
              57.70757059938131
            ],
            [
              10.375487326992628,
              57.555733793314516
            ],
            [
              11.086738204577022,
              57.34784057451876
            ],
            [
              11.732673203981077,
              57.088356479091004
            ],
            [
              12.301304533616564,
              56.78273946614122
            ],
            [
              12.783055022981522,
              56.43725963663362
            ],
            [
              13.170845921544867,
              56.0588085282954
            ],
            [
              13.460059341162738,
              55.65470876942757
            ],
            [
              13.648402080641073,
              55.23253268213082
            ],
            [
              13.73570082516941,
              54.79993584403857
            ],
            [
              13.723657527525518,
              54.36450909476096
            ],
            [
              13.61558962049455,
              53.933650316159444
            ],
            [
              13.416174085640716,
              53.514455678306796
            ],
            [
              13.131208537748227,
              53.11362895165108
            ],
            [
              12.767397195102719,
              52.737406880966624
            ],
            [
              12.33216531737699,
              52.391498395219116
            ],
            [
              11.833502523216747,
              52.08103547603147
            ],
            [
              11.279833269066392,
              51.81053372277975
            ],
            [
              10.679911497696533,
              51.58386095160267
            ],
            [
              10.042735834944914,
              51.40421248886451
            ],
            [
              9.37748152166577,
              51.27409212815096
            ],
            [
              8.693445340773929,
              51.19529799243496
            ],
            [
              8.0,
              51.16891277167702
            ],
            [
              7.30655465922607,
              51.19529799243496
            ],
            [
              6.622518478334231,
              51.27409212815096
            ],
            [
              5.9572641650550855,
              51.40421248886451
            ],
            [
              5.320088502303469,
              51.58386095160267
            ],
            [
              4.7201667309336095,
              51.81053372277975
            ],
            [
              4.166497476783255,
              52.08103547603147
            ],
            [
              3.6678346826230124,
              52.391498395219116
            ],
            [
              3.2326028048972844,
              52.737406880966624
            ],
            [
              2.868791462251772,
              53.11362895165108
            ],
            [
              2.5838259143592834,
              53.514455678306796
            ],
            [
              2.38441037950545,
              53.933650316159444
            ],
            [
              2.2763424724744827,
              54.36450909476096
            ],
            [
              2.264299174830592,
              54.79993584403857
            ],
            [
              2.3515979193589267,
              55.23253268213082
            ],
            [
              2.539940658837259,
              55.65470876942757
            ],
            [
              2.8291540784551334,
              56.0588085282954
            ],
            [
              3.216944977018476,
              56.437259636633605
            ],
            [
              3.6986954663834357,
              56.78273946614122
            ],
            [
              4.2673267960189225,
              57.088356479091004
            ],
            [
              4.913261795422975,
              57.34784057451876
            ],
            [
              5.624512673007374,
              57.555733793314516
            ],
            [
              6.386912272864558,
              57.70757059938131
            ],
            [
              7.184492995210082,
              57.80003567067287
            ],
            [
              8.0,
              57.831087228322986
            ]
          ]
        ]
      }
    },
    {
      "type": "Feature",
      "properties": {
        "name": "Netherlands",
        "code": "NLD"
      },
      "geometry": {
        "type": "Polygon",
        "coordinates": [
          [
            [
              4.0,
              55.831087228322986
            ],
            [
              4.773132562169992,
              55.80022768837937
            ],
            [
              5.529563902868751,
              55.70832198879876
            ],
            [
              6.253192148227713,
              55.557363685010074
            ],
            [
              6.929066966193501,
              55.350593512404934
            ],
            [
              7.543854488995723,
              55.092383809009036
            ],
            [
              8.086187267294756,
              54.7880899379917
            ],
            [
              8.546886620001732,
              54.44387947394422
            ],
            [
              8.919059449784971,
              54.06655013280855
            ],
            [
              9.198083517525697,
              53.663346418611354
            ],
            [
              9.381502936296755,
              53.241783113436426
            ],
            [
              9.468859015124458,
              52.80948149013353
            ],
            [
              9.461481193176807,
              52.37402187263257
            ],
            [
              9.362259771872333,
              51.942814189194756
            ],
            [
              9.175417683525684,
              51.52298661482158
            ],
            [
              8.906293662330855,
              51.12129132382744
            ],
            [
              8.561144636058705,
              50.74402573623794
            ],
            [
              8.146971349580493,
              50.39696736172679
            ],
            [
              7.671368320036113,
              50.08532032631851
            ],
            [
              7.142397185508441,
              49.81367181836842
            ],
            [
              6.5684812202096845,
              49.585956934679835
            ],
            [
              5.958318083079884,
              49.40543068729282
            ],
            [
              5.32080757401029,
              49.274646207395875
            ],
            [
              4.664991142021986,
              49.195438432028894
            ],
            [
              4.000000000000001,
              49.16891277167702
            ],
            [
              3.335008857978015,
              49.195438432028894
            ],
            [
              2.6791924259897106,
              49.274646207395875
            ],
            [
              2.0416819169201177,
              49.40543068729282
            ],
            [
              1.431518779790317,
              49.585956934679835
            ],
            [
              0.8576028144915597,
              49.81367181836842
            ],
            [
              0.32863167996388876,
              50.0853203263185
            ],
            [
              -0.14697134958049074,
              50.39696736172679
            ],
            [
              -0.5611446360587028,
              50.74402573623794
            ],
            [
              -0.9062936623308542,
              51.12129132382744
            ],
            [
              -1.175417683525683,
              51.52298661482158
            ],
            [
              -1.3622597718723333,
              51.942814189194756
            ],
            [
              -1.4614811931768061,
              52.37402187263257
            ],
            [
              -1.4688590151244576,
              52.80948149013353
            ],
            [
              -1.3815029362967555,
              53.241783113436426
            ],
            [
              -1.198083517525699,
              53.66334641861135
            ],
            [
              -0.9190594497849702,
              54.06655013280855
            ],
            [
              -0.5468866200017337,
              54.44387947394421
            ],
            [
              -0.08618726729475765,
              54.7880899379917
            ],
            [
              0.4561455110042764,
              55.092383809009036
            ],
            [
              1.0709330338064968,
              55.35059351240492
            ],
            [
              1.7468078517722887,
              55.557363685010074
            ],
            [
              2.470436097131244,
              55.70832198879876
            ],
            [
              3.2268674378300073,
              55.80022768837937
            ],
            [
              4.0,
              55.831087228322986
            ]
          ]
        ]
      }
    },
    {
      "type": "Feature",
      "properties": {
        "name": "Belgium",
        "code": "BEL"
      },
      "geometry": {
        "type": "Polygon",
        "coordinates": [
          [
            [
              2.5,
              54.631087228322976
            ],
            [
              3.2501801052700587,
              54.600333683862324
            ],
            [
              3.9843111528747728,
              54.50873688725669
            ],
            [
              4.686906232418432,
              54.358264111755176
            ],
            [
              5.343559804766275,
              54.15211537070979
            ],
            [
              5.941387316653947,
              53.89461198462781
            ],
            [
              6.469359568940301,
              53.591052956683775
            ],
            [
              6.91851967513041,
              53.24754928733732
            ],
            [
              7.282083720797322,
              52.87084662978135
            ],
            [
              7.555437146098304,
              52.46814581798538
            ],
            [
              7.736046156302497,
              52.04692912848685
            ],
            [
              7.8233068359384665,
              51.61479806499413
            ],
            [
              7.8183546029848925,
              51.179326344645425
            ],
            [
              7.723854139835891,
              50.74792988490669
            ],
            [
              7.543786038990753,
              50.32775409478645
            ],
            [
              7.283242034774256,
              49.92557771428879
            ],
            [
              6.948236536221178,
              49.547731797137594
            ],
            [
              6.545538634088599,
              49.200032124720245
            ],
            [
              6.082525996505083,
              48.887723287285766
            ],
            [
              5.5670600959568075,
              48.61543278640937
            ],
            [
              5.007380928508818,
              48.38713372756727
            ],
            [
              4.412018652164492,
              48.20611492714379
            ],
            [
              3.7897192342565384,
              48.07495751534122
            ],
            [
              3.1493811198869763,
              47.995517351651145
            ],
            [
              2.500000000000001,
              47.96891277167702
            ],
            [
              1.850618880113025,
              47.995517351651145
            ],
            [
              1.2102807657434624,
              48.07495751534122
            ],
            [
              0.5879813478355088,
              48.20611492714379
            ],
            [
              -0.007380928508817095,
              48.38713372756727
            ],
            [
              -0.5670600959568061,
              48.61543278640937
            ],
            [
              -1.0825259965050817,
              48.887723287285766
            ],
            [
              -1.5455386340885982,
              49.200032124720245
            ],
            [
              -1.9482365362211782,
              49.547731797137594
            ],
            [
              -2.2832420347742555,
              49.92557771428879
            ],
            [
              -2.5437860389907527,
              50.32775409478645
            ],
            [
              -2.7238541398358906,
              50.74792988490669
            ],
            [
              -2.818354602984892,
              51.179326344645425
            ],
            [
              -2.823306835938465,
              51.614798064994126
            ],
            [
              -2.736046156302498,
              52.04692912848685
            ],
            [
              -2.555437146098306,
              52.46814581798538
            ],
            [
              -2.2820837207973224,
              52.87084662978135
            ],
            [
              -1.9185196751304134,
              53.24754928733732
            ],
            [
              -1.4693595689403027,
              53.591052956683775
            ],
            [
              -0.9413873166539489,
              53.89461198462781
            ],
            [
              -0.34355980476627723,
              54.15211537070979
            ],
            [
              0.31309376758156965,
              54.358264111755176
            ],
            [
              1.0156888471252226,
              54.50873688725669
            ],
            [
              1.7498198947299404,
              54.600333683862324
            ],
            [
              2.5,
              54.631087228322976
            ]
          ]
        ]
      }
    },
    {
      "type": "Feature",
      "properties": {
        "name": "France (Atlantic)",
        "code": "FRA_A"
      },
      "geometry": {
        "type": "Polygon",
        "coordinates": [
          [
            [
              -3.0000000000000004,
              49.33108722832298
            ],
            [
              -2.333589033807288,
              49.300736663768724
            ],
            [
              -1.6809122477035463,
              49.21031507515405
            ],
            [
              -1.0552670494168137,
              49.0616919914638
            ],
            [
              -0.46910679372760944,
              48.85791553128724
            ],
            [
              0.06631136725978425,
              48.60311587374382
            ],
            [
              0.5412047727341199,
              48.3023796097266
            ],
            [
              0.9474595569357037,
              47.96160290624186
            ],
            [
              1.2787396051154325,
              47.58733182918194
            ],
            [
              1.5305163665321986,
              47.18659772470169
            ],
            [
              1.7000312174038208,
              46.76675446656883
            ],
            [
              1.786205140683941,
              46.335322903903126
            ],
            [
              1.7895113009185428,
              45.89984625273552
            ],
            [
              1.7118251166070044,
              45.467758677690554
            ],
            [
              1.556264283198645,
              45.04626804695714
            ],
            [
              1.3270284752230246,
              44.6422528822107
            ],
            [
              1.0292456417870226,
              44.26217287336216
            ],
            [
              0.668829239767474,
              43.911991953277635
            ],
            [
              0.25234860948066473,
              43.597112775242955
            ],
            [
              -0.21308694556447813,
              43.32232144436158
            ],
            [
              -0.719930977623371,
              43.09174146517482
            ],
            [
              -1.2602909677496275,
              42.908796032907574
            ],
            [
              -1.826009438188753,
              42.77617797809198
            ],
            [
              -2.408737089252935,
              42.69582684921221
            ],
            [
              -3.0,
              42.66891277167703
            ],
            [
              -3.5912629107470644,
              42.69582684921221
            ],
            [
              -4.173990561811246,
              42.77617797809198
            ],
            [
              -4.7397090322503725,
              42.908796032907574
            ],
            [
              -5.280069022376629,
              43.09174146517482
            ],
            [
              -5.786913054435521,
              43.32232144436158
            ],
            [
              -6.252348609480663,
              43.597112775242955
            ],
            [
              -6.668829239767473,
              43.911991953277635
            ],
            [
              -7.029245641787022,
              44.26217287336216
            ],
            [
              -7.327028475223026,
              44.6422528822107
            ],
            [
              -7.5562642831986455,
              45.04626804695714
            ],
            [
              -7.711825116607005,
              45.467758677690554
            ],
            [
              -7.7895113009185435,
              45.89984625273552
            ],
            [
              -7.786205140683942,
              46.335322903903126
            ],
            [
              -7.700031217403822,
              46.76675446656883
            ],
            [
              -7.5305163665322,
              47.18659772470169
            ],
            [
              -7.278739605115432,
              47.58733182918194
            ],
            [
              -6.947459556935707,
              47.96160290624186
            ],
            [
              -6.541204772734121,
              48.3023796097266
            ],
            [
              -6.066311367259786,
              48.60311587374382
            ],
            [
              -5.530893206272393,
              48.85791553128724
            ],
            [
              -4.944732950583186,
              49.0616919914638
            ],
            [
              -4.319087752296459,
              49.21031507515405
            ],
            [
              -3.666410966192713,
              49.300736663768724
            ],
            [
              -3.0000000000000004,
              49.33108722832298
            ]
          ]
        ]
      }
    },
    {
      "type": "Feature",
      "properties": {
        "name": "Spain",
        "code": "ESP"
      },
      "geometry": {
        "type": "Polygon",
        "coordinates": [
          [
            [
              -2.0,
              42.33108722832297
            ],
            [
              -1.4124573581922364,
              42.30115307191629
            ],
            [
              -0.8365549987676452,
              42.21194716895537
            ],
            [
              -0.28360096624680203,
              42.06524163445331
            ],
            [
              0.23574179250243613,
              41.86393249345789
            ],
            [
              0.7117317732079823,
              41.61195718316594
            ],
            [
              1.135775675467213,
              41.31418607772811
            ],
            [
              1.500597686279575,
              40.976294029128844
            ],
            [
              1.8003488284569902,
              40.604618382717526
            ],
            [
              2.030658836438167,
              40.206009779561825
            ],
            [
              2.188636858756492,
              39.78768141856844
            ],
            [
              2.272829755199513,
              39.357061485877814
            ],
            [
              2.2831478454319094,
              38.92165234358721
            ],
            [
              2.220767869743421,
              38.4888989592406
            ],
            [
              2.0880219543451366,
              38.0660680665189
            ],
            [
              1.8882798776153376,
              37.660138744696184
            ],
            [
              1.6258302216755742,
              37.2777045155817
            ],
            [
              1.3057643082921715,
              36.92488667447391
            ],
            [
              0.9338653209213983,
              36.60725836689043
            ],
            [
              0.5165037917344748,
              36.32977885516029
            ],
            [
              0.060539708969847374,
              36.09673744549892
            ],
            [
              -0.4267691415068338,
              35.91170662754059
            ],
            [
              -0.9378533893953165,
              35.77750408218198
            ],
            [
              -1.4649138565995745,
              35.696163316470866
            ],
            [
              -1.9999999999999996,
              35.66891277167702
            ],
            [
              -2.5350861434004246,
              35.696163316470866
            ],
            [
              -3.0621466106046826,
              35.77750408218198
            ],
            [
              -3.573230858493165,
              35.91170662754059
            ],
            [
              -4.060539708969846,
              36.09673744549892
            ],
            [
              -4.516503791734474,
              36.32977885516029
            ],
            [
              -4.933865320921398,
              36.60725836689043
            ],
            [
              -5.30576430829217,
              36.92488667447391
            ],
            [
              -5.625830221675574,
              37.2777045155817
            ],
            [
              -5.8882798776153376,
              37.660138744696184
            ],
            [
              -6.088021954345137,
              38.0660680665189
            ],
            [
              -6.220767869743421,
              38.4888989592406
            ],
            [
              -6.28314784543191,
              38.92165234358721
            ],
            [
              -6.272829755199514,
              39.357061485877814
            ],
            [
              -6.1886368587564915,
              39.78768141856844
            ],
            [
              -6.030658836438168,
              40.206009779561825
            ],
            [
              -5.80034882845699,
              40.604618382717526
            ],
            [
              -5.500597686279576,
              40.976294029128844
            ],
            [
              -5.1357756754672135,
              41.31418607772811
            ],
            [
              -4.711731773207983,
              41.61195718316594
            ],
            [
              -4.235741792502439,
              41.86393249345789
            ],
            [
              -3.716399033753197,
              42.06524163445331
            ],
            [
              -3.1634450012323585,
              42.21194716895537
            ],
            [
              -2.5875426418077643,
              42.30115307191629
            ],
            [
              -2.0,
              42.33108722832297
            ]
          ]
        ]
      }
    },
    {
      "type": "Feature",
      "properties": {
        "name": "Portugal",
        "code": "PRT"
      },
      "geometry": {
        "type": "Polygon",
        "coordinates": [
          [
            [
              -9.0,
              42.33108722832297
            ],
            [
              -8.412457358192237,
              42.30115307191629
            ],
            [
              -7.836554998767644,
              42.21194716895537
            ],
            [
              -7.2836009662468015,
              42.06524163445331
            ],
            [
              -6.764258207497564,
              41.86393249345789
            ],
            [
              -6.288268226792018,
              41.61195718316594
            ],
            [
              -5.864224324532787,
              41.31418607772811
            ],
            [
              -5.499402313720425,
              40.976294029128844
            ],
            [
              -5.199651171543009,
              40.604618382717526
            ],
            [
              -4.9693411635618325,
              40.206009779561825
            ],
            [
              -4.811363141243508,
              39.78768141856844
            ],
            [
              -4.727170244800487,
              39.357061485877814
            ],
            [
              -4.71685215456809,
              38.92165234358721
            ],
            [
              -4.779232130256578,
              38.4888989592406
            ],
            [
              -4.911978045654863,
              38.0660680665189
            ],
            [
              -5.1117201223846624,
              37.660138744696184
            ],
            [
              -5.3741697783244256,
              37.2777045155817
            ],
            [
              -5.694235691707829,
              36.92488667447391
            ],
            [
              -6.066134679078602,
              36.60725836689043
            ],
            [
              -6.483496208265525,
              36.32977885516029
            ],
            [
              -6.939460291030152,
              36.09673744549892
            ],
            [
              -7.426769141506834,
              35.91170662754059
            ],
            [
              -7.9378533893953165,
              35.77750408218198
            ],
            [
              -8.464913856599575,
              35.696163316470866
            ],
            [
              -9.0,
              35.66891277167702
            ],
            [
              -9.535086143400425,
              35.696163316470866
            ],
            [
              -10.062146610604682,
              35.77750408218198
            ],
            [
              -10.573230858493165,
              35.91170662754059
            ],
            [
              -11.060539708969847,
              36.09673744549892
            ],
            [
              -11.516503791734474,
              36.32977885516029
            ],
            [
              -11.933865320921397,
              36.60725836689043
            ],
            [
              -12.30576430829217,
              36.92488667447391
            ],
            [
              -12.625830221675574,
              37.2777045155817
            ],
            [
              -12.888279877615338,
              37.660138744696184
            ],
            [
              -13.088021954345136,
              38.0660680665189
            ],
            [
              -13.22076786974342,
              38.4888989592406
            ],
            [
              -13.283147845431909,
              38.92165234358721
            ],
            [
              -13.272829755199515,
              39.357061485877814
            ],
            [
              -13.188636858756492,
              39.78768141856844
            ],
            [
              -13.03065883643817,
              40.206009779561825
            ],
            [
              -12.80034882845699,
              40.604618382717526
            ],
            [
              -12.500597686279576,
              40.976294029128844
            ],
            [
              -12.135775675467213,
              41.31418607772811
            ],
            [
              -11.711731773207983,
              41.61195718316594
            ],
            [
              -11.23574179250244,
              41.86393249345789
            ],
            [
              -10.716399033753197,
              42.06524163445331
            ],
            [
              -10.16344500123236,
              42.21194716895537
            ],
            [
              -9.587542641807763,
              42.30115307191629
            ],
            [
              -9.0,
              42.33108722832297
            ]
          ]
        ]
      }
    },
    {
      "type": "Feature",
      "properties": {
        "name": "Italy",
        "code": "ITA"
      },
      "geometry": {
        "type": "Polygon",
        "coordinates": [
          [
            [
              13.0,
              44.83108722832299
            ],
            [
              13.612433883395283,
              44.80101610313649
            ],
            [
              14.212574625903498,
              44.711410179465545
            ],
            [
              14.788493038748625,
              44.56407321505095
            ],
            [
              15.328965504538074,
              44.36195071780066
            ],
            [
              15.82377362336561,
              44.10904298218351
            ],
            [
              16.26394711335382,
              43.81029112045265
            ],
            [
              16.64194134409117,
              43.47144268426824
            ],
            [
              16.951747278569062,
              43.09890392911388
            ],
            [
              17.18893730360626,
              42.699585543458255
            ],
            [
              17.35065477810883,
              42.280747891461694
            ],
            [
              17.435557815280625,
              41.849850698250805
            ],
            [
              17.443728864342976,
              41.41441084261079
            ],
            [
              17.37656133767846,
              40.98187068643379
            ],
            [
              17.236633236191288,
              40.55947828731141
            ],
            [
              17.027575876593104,
              40.154179980018206
            ],
            [
              16.753943783996572,
              39.77252519598382
            ],
            [
              16.421089854659403,
              39.42058300291161
            ],
            [
              16.035048189609558,
              39.103869652846775
            ],
            [
              15.602425633631896,
              38.827286379433914
            ],
            [
              15.130302040742809,
              38.59506673614638
            ],
            [
              14.626138596176649,
              38.41073287443637
            ],
            [
              14.09769309980797,
              38.27706029011741
            ],
            [
              13.552940890535949,
              38.19605069372887
            ],
            [
              13.0,
              38.16891277167703
            ],
            [
              12.447059109464055,
              38.19605069372887
            ],
            [
              11.902306900192032,
              38.27706029011741
            ],
            [
              11.373861403823355,
              38.41073287443637
            ],
            [
              10.869697959257193,
              38.59506673614638
            ],
            [
              10.397574366368106,
              38.827286379433914
            ],
            [
              9.964951810390446,
              39.10386965284676
            ],
            [
              9.578910145340597,
              39.42058300291161
            ],
            [
              9.24605621600343,
              39.77252519598382
            ],
            [
              8.972424123406896,
              40.154179980018206
            ],
            [
              8.763366763808712,
              40.55947828731141
            ],
            [
              8.623438662321542,
              40.98187068643379
            ],
            [
              8.556271135657028,
              41.41441084261079
            ],
            [
              8.564442184719377,
              41.8498506982508
            ],
            [
              8.649345221891174,
              42.280747891461694
            ],
            [
              8.81106269639374,
              42.699585543458255
            ],
            [
              9.04825272143094,
              43.09890392911388
            ],
            [
              9.35805865590883,
              43.47144268426824
            ],
            [
              9.736052886646183,
              43.81029112045265
            ],
            [
              10.17622637663439,
              44.10904298218351
            ],
            [
              10.671034495461926,
              44.36195071780066
            ],
            [
              11.211506961251375,
              44.56407321505095
            ],
            [
              11.7874253740965,
              44.711410179465545
            ],
            [
              12.387566116604717,
              44.80101610313649
            ],
            [
              13.0,
              44.83108722832299
            ]
          ]
        ]
      }
    },
    {
      "type": "Feature",
      "properties": {
        "name": "Greece",
        "code": "GRC"
      },
      "geometry": {
        "type": "Polygon",
        "coordinates": [
          [
            [
              24.000000000000004,
              40.83108722832298
            ],
            [
              24.57406525235974,
              40.80123012026343
            ],
            [
              25.1368410825345,
              40.71224930145658
            ],
            [
              25.67735357476302,
              40.565899258335996
            ],
            [
              26.185241964752265,
              40.3650484153192
            ],
            [
              26.651022578808657,
              40.11359908584281
            ],
            [
              27.0663068909529,
              39.81638202116663
            ],
            [
              27.423966205778346,
              39.47903122651251
            ],
            [
              27.718240423159397,
              39.10784518059968
            ],
            [
              27.94479285499291,
              38.709640489835714
            ],
            [
              28.100716627239766,
              38.29160343823483
            ],
            [
              28.18450054231327,
              37.8611440101056
            ],
            [
              28.19596336971979,
              37.425755927213025
            ],
            [
              28.136165537871435,
              36.99288520042635
            ],
            [
              28.007306389480558,
              36.569808757245106
            ],
            [
              27.81261384441043,
              36.163523938350295
            ],
            [
              27.556231771440817,
              35.78064908604535
            ],
            [
              27.243108829973718,
              35.42733507105825
            ],
            [
              26.878891158759046,
              35.10918739616375
            ],
            [
              26.469820147306155,
              34.831198438449185
            ],
            [
              26.02263565638017,
              34.59768940648516
            ],
            [
              25.54448444553563,
              34.41226165648446
            ],
            [
              25.042833180872513,
              34.2777571013955
            ],
            [
              24.52538518497077,
              34.19622753566022
            ],
            [
              24.000000000000004,
              34.16891277167703
            ],
            [
              23.474614815029238,
              34.19622753566022
            ],
            [
              22.95716681912749,
              34.2777571013955
            ],
            [
              22.455515554464373,
              34.41226165648446
            ],
            [
              21.977364343619833,
              34.59768940648516
            ],
            [
              21.530179852693852,
              34.831198438449185
            ],
            [
              21.121108841240957,
              35.10918739616375
            ],
            [
              20.756891170026286,
              35.42733507105825
            ],
            [
              20.443768228559186,
              35.78064908604535
            ],
            [
              20.187386155589575,
              36.163523938350295
            ],
            [
              19.992693610519446,
              36.569808757245106
            ],
            [
              19.863834462128573,
              36.99288520042635
            ],
            [
              19.804036630280216,
              37.425755927213025
            ],
            [
              19.815499457686734,
              37.86114401010558
            ],
            [
              19.899283372760237,
              38.29160343823483
            ],
            [
              20.055207145007092,
              38.709640489835714
            ],
            [
              20.281759576840606,
              39.10784518059968
            ],
            [
              20.576033794221654,
              39.47903122651251
            ],
            [
              20.9336931090471,
              39.81638202116663
            ],
            [
              21.348977421191346,
              40.11359908584279
            ],
            [
              21.814758035247735,
              40.3650484153192
            ],
            [
              22.322646425236982,
              40.565899258335996
            ],
            [
              22.863158917465505,
              40.71224930145658
            ],
            [
              23.425934747640262,
              40.80123012026343
            ],
            [
              24.000000000000004,
              40.83108722832298
            ]
          ]
        ]
      }
    },
    {
      "type": "Feature",
      "properties": {
        "name": "Turkey",
        "code": "TUR"
      },
      "geometry": {
        "type": "Polygon",
        "coordinates": [
          [
            [
              27.0,
              42.33108722832297
            ],
            [
              27.587542641807765,
              42.30115307191629
            ],
            [
              28.163445001232354,
              42.21194716895537
            ],
            [
              28.716399033753195,
              42.06524163445331
            ],
            [
              29.235741792502434,
              41.86393249345789
            ],
            [
              29.71173177320798,
              41.61195718316594
            ],
            [
              30.135775675467215,
              41.31418607772811
            ],
            [
              30.500597686279573,
              40.976294029128844
            ],
            [
              30.800348828456993,
              40.604618382717526
            ],
            [
              31.03065883643817,
              40.206009779561825
            ],
            [
              31.18863685875649,
              39.78768141856844
            ],
            [
              31.272829755199513,
              39.357061485877814
            ],
            [
              31.283147845431913,
              38.92165234358721
            ],
            [
              31.220767869743423,
              38.4888989592406
            ],
            [
              31.088021954345137,
              38.0660680665189
            ],
            [
              30.88827987761534,
              37.660138744696184
            ],
            [
              30.625830221675574,
              37.2777045155817
            ],
            [
              30.305764308292172,
              36.92488667447391
            ],
            [
              29.933865320921402,
              36.60725836689043
            ],
            [
              29.516503791734475,
              36.32977885516029
            ],
            [
              29.06053970896985,
              36.09673744549892
            ],
            [
              28.573230858493165,
              35.91170662754059
            ],
            [
              28.062146610604685,
              35.77750408218198
            ],
            [
              27.535086143400427,
              35.696163316470866
            ],
            [
              27.0,
              35.66891277167702
            ],
            [
              26.464913856599576,
              35.696163316470866
            ],
            [
              25.93785338939532,
              35.77750408218198
            ],
            [
              25.426769141506835,
              35.91170662754059
            ],
            [
              24.93946029103015,
              36.09673744549892
            ],
            [
              24.483496208265528,
              36.32977885516029
            ],
            [
              24.0661346790786,
              36.60725836689043
            ],
            [
              23.694235691707828,
              36.92488667447391
            ],
            [
              23.374169778324426,
              37.2777045155817
            ],
            [
              23.111720122384664,
              37.660138744696184
            ],
            [
              22.911978045654863,
              38.0660680665189
            ],
            [
              22.779232130256577,
              38.4888989592406
            ],
            [
              22.71685215456809,
              38.92165234358721
            ],
            [
              22.727170244800487,
              39.357061485877814
            ],
            [
              22.811363141243508,
              39.78768141856844
            ],
            [
              22.96934116356183,
              40.206009779561825
            ],
            [
              23.199651171543007,
              40.604618382717526
            ],
            [
              23.499402313720424,
              40.976294029128844
            ],
            [
              23.86422432453279,
              41.31418607772811
            ],
            [
              24.288268226792017,
              41.61195718316594
            ],
            [
              24.764258207497562,
              41.86393249345789
            ],
            [
              25.2836009662468,
              42.06524163445331
            ],
            [
              25.836554998767642,
              42.21194716895537
            ],
            [
              26.412457358192235,
              42.30115307191629
            ],
            [
              27.0,
              42.33108722832297
            ]
          ]
        ]
      }
    },
    {
      "type": "Feature",
      "properties": {
        "name": "Cyprus",
        "code": "CYP"
      },
      "geometry": {
        "type": "Polygon",
        "coordinates": [
          [
            [
              33.0,
              38.33108722832297
            ],
            [
              33.55374257949732,
              38.30135112228421
            ],
            [
              34.096721901204354,
              38.21272388155379
            ],
            [
              34.61846550725339,
              38.0669325553995
            ],
            [
              35.10906686284245,
              37.86680256323717
            ],
            [
              35.55943082871183,
              37.6161814010892
            ],
            [
              35.96147861667871,
              37.31983784381992
            ],
            [
              36.30830535240262,
              36.98334182538358
            ],
            [
              36.594287621266076,
              36.61293064335097
            ],
            [
              36.81514229942201,
              36.2153670867125
            ],
            [
              36.9679411278208,
              35.79779461533814
            ],
            [
              37.051087626131405,
              35.3675939554705
            ],
            [
              37.06426402066026,
              34.932244560761426
            ],
            [
              37.00835599201321,
              34.499193452615756
            ],
            [
              36.885362451533176,
              34.07573309784209
            ],
            [
              36.69829648617562,
              33.66888927051233
            ],
            [
              36.45108231348295,
              33.28531930789256
            ],
            [
              36.14845176207962,
              32.93122080757461
            ],
            [
              35.795842581246184,
              32.612250604158156
            ],
            [
              35.399299870118625,
              32.333453776795814
            ],
            [
              34.96538113740193,
              32.09920243708696
            ],
            [
              34.50106495276475,
              31.91314409507497
            ],
            [
              34.01366280255744,
              31.778159469616977
            ],
            [
              33.51073357240701,
              31.69632967574521
            ],
            [
              33.0,
              31.66891277167702
            ],
            [
              32.48926642759299,
              31.69632967574521
            ],
            [
              31.986337197442566,
              31.778159469616977
            ],
            [
              31.498935047235264,
              31.91314409507497
            ],
            [
              31.034618862598077,
              32.09920243708696
            ],
            [
              30.60070012988138,
              32.333453776795814
            ],
            [
              30.20415741875382,
              32.612250604158156
            ],
            [
              29.851548237920383,
              32.93122080757461
            ],
            [
              29.548917686517054,
              33.28531930789256
            ],
            [
              29.301703513824386,
              33.66888927051233
            ],
            [
              29.11463754846683,
              34.07573309784209
            ],
            [
              28.991644007986796,
              34.499193452615756
            ],
            [
              28.935735979339743,
              34.932244560761426
            ],
            [
              28.948912373868595,
              35.3675939554705
            ],
            [
              29.0320588721792,
              35.79779461533814
            ],
            [
              29.184857700577997,
              36.2153670867125
            ],
            [
              29.405712378733924,
              36.61293064335097
            ],
            [
              29.691694647597387,
              36.98334182538357
            ],
            [
              30.03852138332129,
              37.31983784381992
            ],
            [
              30.440569171288175,
              37.6161814010892
            ],
            [
              30.89093313715756,
              37.86680256323717
            ],
            [
              31.381534492746617,
              38.0669325553995
            ],
            [
              31.903278098795646,
              38.21272388155379
            ],
            [
              32.44625742050269,
              38.30135112228421
            ],
            [
              33.0,
              38.33108722832297
            ]
          ]
        ]
      }
    },
    {
      "type": "Feature",
      "properties": {
        "name": "Israel",
        "code": "ISR"
      },
      "geometry": {
        "type": "Polygon",
        "coordinates": [
          [
            [
              34.5,
              35.831087228322986
            ],
            [
              35.03579455236358,
              35.80146405763071
            ],
            [
              35.56128840019946,
              35.713166922724426
            ],
            [
              36.066450266838366,
              35.567897537266155
            ],
            [
              36.54177388996733,
              35.36844155827404
            ],
            [
              36.978507373820065,
              35.11859569912921
            ],
            [
              37.36884656522998,
              34.823071170246116
            ],
            [
              37.70608613352482,
              34.48737819770221
            ],
            [
              37.98472570802216,
              34.11769682729363
            ],
            [
              38.200531856490485,
              33.72073921977277
            ],
            [
              38.35055948889499,
              33.30360825588239
            ],
            [
              38.433138219962345,
              32.873656609261765
            ],
            [
              38.447830266018016,
              32.43834963679607
            ],
            [
              38.39536666944195,
              32.00513459623976
            ],
            [
              38.277568212104626,
              31.581317922757275
            ],
            [
              38.097256511028284,
              31.17395164099457
            ],
            [
              37.85815969560271,
              30.789729487600468
            ],
            [
              37.564815923893285,
              30.43489297413082
            ],
            [
              37.222476936961165,
              30.11514741569239
            ],
            [
              36.83701295621079,
              29.835587858222606
            ],
            [
              36.41481953680811,
              29.600634823603947
            ],
            [
              35.9627265023311,
              29.41397982398948
            ],
            [
              35.487908779579726,
              29.278540646265576
            ],
            [
              34.99779879077583,
              29.196426452796278
            ],
            [
              34.5,
              29.168912771677025
            ],
            [
              34.00220120922416,
              29.196426452796278
            ],
            [
              33.512091220420274,
              29.278540646265576
            ],
            [
              33.0372734976689,
              29.41397982398948
            ],
            [
              32.58518046319188,
              29.600634823603947
            ],
            [
              32.1629870437892,
              29.8355878582226
            ],
            [
              31.77752306303883,
              30.115147415692384
            ],
            [
              31.43518407610671,
              30.43489297413082
            ],
            [
              31.14184030439729,
              30.789729487600468
            ],
            [
              30.902743488971716,
              31.17395164099457
            ],
            [
              30.722431787895367,
              31.581317922757275
            ],
            [
              30.60463333055805,
              32.00513459623976
            ],
            [
              30.552169733981984,
              32.43834963679607
            ],
            [
              30.56686178003765,
              32.873656609261765
            ],
            [
              30.649440511105006,
              33.30360825588239
            ],
            [
              30.799468143509504,
              33.72073921977277
            ],
            [
              31.015274291977832,
              34.11769682729363
            ],
            [
              31.29391386647517,
              34.48737819770221
            ],
            [
              31.631153434770013,
              34.823071170246116
            ],
            [
              32.02149262617993,
              35.11859569912921
            ],
            [
              32.45822611003266,
              35.36844155827404
            ],
            [
              32.933549733161634,
              35.567897537266155
            ],
            [
              33.438711599800534,
              35.713166922724426
            ],
            [
              33.96420544763641,
              35.80146405763071
            ],
            [
              34.5,
              35.831087228322986
            ]
          ]
        ]
      }
    },
    {
      "type": "Feature",
      "properties": {
        "name": "Lebanon",
        "code": "LBN"
      },
      "geometry": {
        "type": "Polygon",
        "coordinates": [
          [
            [
              35.5,
              37.331087228322986
            ],
            [
              36.04629588690525,
              37.30139719408713
            ],
            [
              36.58202061474275,
              37.21290460798287
            ],
            [
              37.09688491166306,
              37.06732615194775
            ],
            [
              37.581148375098934,
              36.867470980601325
            ],
            [
              38.025858238342224,
              36.61716582880602
            ],
            [
              38.4230495252754,
              36.32115595513778
            ],
            [
              38.76589994663472,
              35.98498692465324
            ],
            [
              39.04883689902623,
              35.614872696078066
            ],
            [
              39.2675976455841,
              35.2175554507789
            ],
            [
              39.4192467651944,
              34.80016216540108
            ],
            [
              39.5021570187662,
              34.37006220925141
            ],
            [
              39.515960846015034,
              33.934729376749026
            ],
            [
              39.46147987655728,
              33.5016108690435
            ],
            [
              39.340639313500155,
              33.07800491477888
            ],
            [
              39.156373064006175,
              32.67094803146021
            ],
            [
              38.912524279352404,
              32.28711240576792
            ],
            [
              38.61374471784808,
              31.93271351509129
            ],
            [
              38.26539519554619,
              31.613427904905993
            ],
            [
              37.87344842541118,
              31.334320946855676
            ],
            [
              37.44439480129947,
              31.099784395323436
            ],
            [
              36.985151157827346,
              30.913483601713377
            ],
            [
              36.502972204953814,
              30.77831430631317
            ],
            [
              36.00536415658288,
              30.69636898535105
            ],
            [
              35.5,
              30.66891277167703
            ],
            [
              34.994635843417115,
              30.69636898535105
            ],
            [
              34.497027795046186,
              30.77831430631317
            ],
            [
              34.014848842172654,
              30.913483601713377
            ],
            [
              33.555605198700526,
              31.099784395323436
            ],
            [
              33.12655157458881,
              31.334320946855676
            ],
            [
              32.73460480445381,
              31.613427904905993
            ],
            [
              32.38625528215192,
              31.93271351509129
            ],
            [
              32.087475720647596,
              32.28711240576792
            ],
            [
              31.843626935993825,
              32.67094803146021
            ],
            [
              31.659360686499845,
              33.07800491477888
            ],
            [
              31.53852012344272,
              33.5016108690435
            ],
            [
              31.484039153984963,
              33.934729376749026
            ],
            [
              31.4978429812338,
              34.37006220925141
            ],
            [
              31.580753234805595,
              34.80016216540108
            ],
            [
              31.732402354415903,
              35.21755545077889
            ],
            [
              31.951163100973773,
              35.614872696078066
            ],
            [
              32.23410005336528,
              35.98498692465324
            ],
            [
              32.5769504747246,
              36.32115595513778
            ],
            [
              32.974141761657776,
              36.61716582880602
            ],
            [
              33.41885162490106,
              36.867470980601325
            ],
            [
              33.90311508833693,
              37.06732615194775
            ],
            [
              34.41797938525724,
              37.21290460798287
            ],
            [
              34.95370411309475,
              37.30139719408713
            ],
            [
              35.5,
              37.331087228322986
            ]
          ]
        ]
      }
    },
    {
      "type": "Feature",
      "properties": {
        "name": "Syria",
        "code": "SYR"
      },
      "geometry": {
        "type": "Polygon",
        "coordinates": [
          [
            [
              35.8,
              38.83108722832298
            ],
            [
              36.35760685206368,
              38.80132760853676
            ],
            [
              36.904350630647535,
              38.712631650030595
            ],
            [
              37.42966371522856,
              38.566731710132146
            ],
            [
              37.92355330808284,
              38.36646153261341
            ],
            [
              38.37685039830944,
              38.11567923297253
            ],
            [
              38.781417207875684,
              37.81916560550743
            ],
            [
              39.130306125646825,
              37.48250302711145
            ],
            [
              39.41786751598052,
              37.111940697642396
            ],
            [
              39.639807824261716,
              36.714251898991044
            ],
            [
              39.793202634487024,
              36.296588465841445
            ],
            [
              39.87647151265778,
              35.866336874532166
            ],
            [
              39.889322551906055,
              35.43097941867231
            ],
            [
              39.832674645215675,
              34.99796298406757
            ],
            [
              39.708564876461224,
              34.57457706361054
            ],
            [
              39.52004730546482,
              34.16784193033642
            ],
            [
              39.27108807936892,
              33.7844073429642
            ],
            [
              38.966460436079814,
              33.430461792420544
            ],
            [
              38.611641920835545,
              33.11165208879175
            ],
            [
              38.2127150990124,
              32.83301300277051
            ],
            [
              37.77627225082988,
              32.598906676722166
            ],
            [
              37.30932397185009,
              32.41297157238822
            ],
            [
              36.819211246858806,
              32.27808079483272
            ],
            [
              36.31352036976998,
              32.19630970296962
            ],
            [
              35.8,
              32.16891277167703
            ],
            [
              35.28647963023002,
              32.19630970296962
            ],
            [
              34.780788753141195,
              32.27808079483272
            ],
            [
              34.2906760281499,
              32.41297157238822
            ],
            [
              33.823727749170125,
              32.598906676722166
            ],
            [
              33.3872849009876,
              32.83301300277051
            ],
            [
              32.988358079164456,
              33.11165208879175
            ],
            [
              32.63353956392019,
              33.430461792420544
            ],
            [
              32.32891192063107,
              33.7844073429642
            ],
            [
              32.07995269453518,
              34.16784193033642
            ],
            [
              31.891435123538773,
              34.57457706361054
            ],
            [
              31.76732535478432,
              34.99796298406757
            ],
            [
              31.710677448093946,
              35.43097941867231
            ],
            [
              31.723528487342215,
              35.866336874532166
            ],
            [
              31.806797365512978,
              36.296588465841445
            ],
            [
              31.960192175738285,
              36.71425189899104
            ],
            [
              32.18213248401948,
              37.111940697642396
            ],
            [
              32.469693874353176,
              37.48250302711145
            ],
            [
              32.81858279212432,
              37.81916560550743
            ],
            [
              33.22314960169056,
              38.11567923297253
            ],
            [
              33.676446691917164,
              38.3664615326134
            ],
            [
              34.170336284771444,
              38.566731710132146
            ],
            [
              34.69564936935246,
              38.712631650030595
            ],
            [
              35.24239314793632,
              38.80132760853676
            ],
            [
              35.8,
              38.83108722832298
            ]
          ]
        ]
      }
    },
    {
      "type": "Feature",
      "properties": {
        "name": "Egypt",
        "code": "EGY"
      },
      "geometry": {
        "type": "Polygon",
        "coordinates": [
          [
            [
              29.999999999999996,
              34.33108722832298
            ],
            [
              30.526043026084796,
              34.301528442355746
            ],
            [
              31.042036224116895,
              34.21341954430373
            ],
            [
              31.53818772045862,
              34.06844792127969
            ],
            [
              32.0052086730393,
              33.86937672389339
            ],
            [
              32.434533912431924,
              33.61997387930326
            ],
            [
              32.8185090052769,
              33.32491790325007
            ],
            [
              33.15053772729714,
              32.98968502480994
            ],
            [
              33.42518730653706,
              32.620422589065974
            ],
            [
              33.63825196547312,
              32.22381372382429
            ],
            [
              33.78677790041786,
              31.806937912996045
            ],
            [
              33.86905467831554,
              31.37713151404851
            ],
            [
              33.884579045366664,
              30.941851506364895
            ],
            [
              33.833997396601276,
              30.50854497096198
            ],
            [
              33.71903280347016,
              30.084526067994293
            ],
            [
              33.542401730201206,
              29.676861656444945
            ],
            [
              33.30772458184341,
              29.29226622063808
            ],
            [
              33.0194331833942,
              28.93700643548512
            ],
            [
              32.68267731459214,
              28.616815502373118
            ],
            [
              32.30323159822733,
              28.336817294004906
            ],
            [
              31.887403399251035,
              28.10146032759282
            ],
            [
              31.441941942168437,
              27.91446160986987
            ],
            [
              30.973948575659577,
              27.778760436637906
            ],
            [
              30.490787971653894,
              27.696482262722043
            ],
            [
              29.999999999999996,
              27.668912771677018
            ],
            [
              29.5092120283461,
              27.696482262722043
            ],
            [
              29.026051424340416,
              27.778760436637906
            ],
            [
              28.55805805783156,
              27.91446160986987
            ],
            [
              28.112596600748965,
              28.10146032759282
            ],
            [
              27.69676840177267,
              28.336817294004906
            ],
            [
              27.317322685407856,
              28.616815502373118
            ],
            [
              26.980566816605798,
              28.93700643548512
            ],
            [
              26.69227541815658,
              29.29226622063808
            ],
            [
              26.457598269798794,
              29.676861656444945
            ],
            [
              26.28096719652984,
              30.084526067994293
            ],
            [
              26.166002603398717,
              30.50854497096198
            ],
            [
              26.115420954633333,
              30.941851506364895
            ],
            [
              26.130945321684457,
              31.37713151404851
            ],
            [
              26.21322209958213,
              31.806937912996045
            ],
            [
              26.36174803452688,
              32.223813723824286
            ],
            [
              26.574812693462935,
              32.620422589065974
            ],
            [
              26.849462272702848,
              32.98968502480994
            ],
            [
              27.181490994723095,
              33.32491790325005
            ],
            [
              27.56546608756807,
              33.61997387930326
            ],
            [
              27.994791326960694,
              33.86937672389339
            ],
            [
              28.461812279541377,
              34.06844792127969
            ],
            [
              28.957963775883094,
              34.21341954430373
            ],
            [
              29.4739569739152,
              34.301528442355746
            ],
            [
              29.999999999999996,
              34.33108722832298
            ]
          ]
        ]
      }
    },
    {
      "type": "Feature",
      "properties": {
        "name": "Libya",
        "code": "LBY"
      },
      "geometry": {
        "type": "Polygon",
        "coordinates": [
          [
            [
              19.0,
              35.831087228322986
            ],
            [
              19.53579455236359,
              35.80146405763071
            ],
            [
              20.06128840019946,
              35.713166922724426
            ],
            [
              20.566450266838366,
              35.567897537266155
            ],
            [
              21.041773889967335,
              35.36844155827404
            ],
            [
              21.47850737382007,
              35.11859569912921
            ],
            [
              21.868846565229983,
              34.823071170246116
            ],
            [
              22.206086133524828,
              34.48737819770221
            ],
            [
              22.484725708022168,
              34.11769682729363
            ],
            [
              22.700531856490493,
              33.72073921977277
            ],
            [
              22.850559488894994,
              33.30360825588239
            ],
            [
              22.933138219962352,
              32.873656609261765
            ],
            [
              22.947830266018013,
              32.43834963679607
            ],
            [
              22.89536666944195,
              32.00513459623976
            ],
            [
              22.777568212104633,
              31.581317922757275
            ],
            [
              22.597256511028284,
              31.17395164099457
            ],
            [
              22.35815969560271,
              30.789729487600468
            ],
            [
              22.06481592389329,
              30.43489297413082
            ],
            [
              21.72247693696117,
              30.11514741569239
            ],
            [
              21.3370129562108,
              29.835587858222606
            ],
            [
              20.914819536808118,
              29.600634823603947
            ],
            [
              20.462726502331105,
              29.41397982398948
            ],
            [
              19.98790877957973,
              29.278540646265576
            ],
            [
              19.497798790775835,
              29.196426452796278
            ],
            [
              19.0,
              29.168912771677025
            ],
            [
              18.502201209224165,
              29.196426452796278
            ],
            [
              18.012091220420277,
              29.278540646265576
            ],
            [
              17.5372734976689,
              29.41397982398948
            ],
            [
              17.085180463191886,
              29.600634823603947
            ],
            [
              16.662987043789208,
              29.8355878582226
            ],
            [
              16.277523063038835,
              30.115147415692384
            ],
            [
              15.935184076106713,
              30.43489297413082
            ],
            [
              15.641840304397293,
              30.789729487600468
            ],
            [
              15.402743488971717,
              31.17395164099457
            ],
            [
              15.222431787895369,
              31.581317922757275
            ],
            [
              15.104633330558052,
              32.00513459623976
            ],
            [
              15.052169733981989,
              32.43834963679607
            ],
            [
              15.066861780037652,
              32.873656609261765
            ],
            [
              15.14944051110501,
              33.30360825588239
            ],
            [
              15.29946814350951,
              33.72073921977277
            ],
            [
              15.515274291977834,
              34.11769682729363
            ],
            [
              15.793913866475172,
              34.48737819770221
            ],
            [
              16.131153434770017,
              34.823071170246116
            ],
            [
              16.521492626179935,
              35.11859569912921
            ],
            [
              16.958226110032665,
              35.36844155827404
            ],
            [
              17.433549733161637,
              35.567897537266155
            ],
            [
              17.93871159980054,
              35.713166922724426
            ],
            [
              18.464205447636413,
              35.80146405763071
            ],
            [
              19.0,
              35.831087228322986
            ]
          ]
        ]
      }
    },
    {
      "type": "Feature",
      "properties": {
        "name": "Tunisia",
        "code": "TUN"
      },
      "geometry": {
        "type": "Polygon",
        "coordinates": [
          [
            [
              10.0,
              38.83108722832298
            ],
            [
              10.557606852063678,
              38.80132760853676
            ],
            [
              11.104350630647536,
              38.712631650030595
            ],
            [
              11.629663715228554,
              38.566731710132146
            ],
            [
              12.123553308082837,
              38.36646153261341
            ],
            [
              12.57685039830944,
              38.11567923297253
            ],
            [
              12.981417207875685,
              37.81916560550743
            ],
            [
              13.330306125646825,
              37.48250302711145
            ],
            [
              13.617867515980517,
              37.111940697642396
            ],
            [
              13.839807824261717,
              36.714251898991044
            ],
            [
              13.993202634487025,
              36.296588465841445
            ],
            [
              14.07647151265778,
              35.866336874532166
            ],
            [
              14.089322551906053,
              35.43097941867231
            ],
            [
              14.03267464521568,
              34.99796298406757
            ],
            [
              13.908564876461222,
              34.57457706361054
            ],
            [
              13.720047305464822,
              34.16784193033642
            ],
            [
              13.471088079368927,
              33.7844073429642
            ],
            [
              13.166460436079815,
              33.430461792420544
            ],
            [
              12.811641920835541,
              33.11165208879175
            ],
            [
              12.412715099012399,
              32.83301300277051
            ],
            [
              11.976272250829876,
              32.598906676722166
            ],
            [
              11.509323971850092,
              32.41297157238822
            ],
            [
              11.019211246858804,
              32.27808079483272
            ],
            [
              10.513520369769987,
              32.19630970296962
            ],
            [
              10.0,
              32.16891277167703
            ],
            [
              9.486479630230015,
              32.19630970296962
            ],
            [
              8.980788753141194,
              32.27808079483272
            ],
            [
              8.490676028149908,
              32.41297157238822
            ],
            [
              8.023727749170124,
              32.598906676722166
            ],
            [
              7.5872849009876004,
              32.83301300277051
            ],
            [
              7.18835807916446,
              33.11165208879175
            ],
            [
              6.833539563920187,
              33.430461792420544
            ],
            [
              6.528911920631073,
              33.7844073429642
            ],
            [
              6.279952694535178,
              34.16784193033642
            ],
            [
              6.091435123538776,
              34.57457706361054
            ],
            [
              5.967325354784319,
              34.99796298406757
            ],
            [
              5.910677448093948,
              35.43097941867231
            ],
            [
              5.923528487342217,
              35.866336874532166
            ],
            [
              6.006797365512974,
              36.296588465841445
            ],
            [
              6.160192175738282,
              36.71425189899104
            ],
            [
              6.382132484019482,
              37.111940697642396
            ],
            [
              6.6696938743531735,
              37.48250302711145
            ],
            [
              7.018582792124315,
              37.81916560550743
            ],
            [
              7.423149601690557,
              38.11567923297253
            ],
            [
              7.8764466919171605,
              38.3664615326134
            ],
            [
              8.370336284771447,
              38.566731710132146
            ],
            [
              8.89564936935246,
              38.712631650030595
            ],
            [
              9.44239314793632,
              38.80132760853676
            ],
            [
              10.0,
              38.83108722832298
            ]
          ]
        ]
      }
    },
    {
      "type": "Feature",
      "properties": {
        "name": "Algeria",
        "code": "DZA"
      },
      "geometry": {
        "type": "Polygon",
        "coordinates": [
          [
            [
              3.0000000000000004,
              39.831087228322986
            ],
            [
              3.5656302195134075,
              39.80127957330155
            ],
            [
              4.120189787494115,
              39.71244324710013
            ],
            [
              4.6529132319515165,
              39.56632148613172
            ],
            [
              5.153628499800491,
              39.365765088516746
            ],
            [
              5.613013198931685,
              39.11465391324094
            ],
            [
              6.02280721562836,
              38.81779334488575
            ],
            [
              6.37597446937598,
              38.480791191220234
            ],
            [
              6.666811220653585,
              38.10992094707687
            ],
            [
              6.891002613920484,
              37.71197727776988
            ],
            [
              7.045632531271297,
              37.29412904711366
            ],
            [
              7.129154091489337,
              36.86377438127388
            ],
            [
              7.1413292187407515,
              36.42840127438373
            ],
            [
              7.083145766473721,
              35.99545624382143
            ],
            [
              6.956719963822921,
              35.572222638224765
            ],
            [
              6.765190739414851,
              35.16570945603633
            ],
            [
              6.512611038181476,
              34.78255097508323
            ],
            [
              6.203839795920494,
              34.4289171222135
            ],
            [
              5.844436923631932,
              34.110434303036946
            ],
            [
              5.440562564739479,
              33.832116330377495
            ],
            [
              4.998881055051449,
              33.59830509741437
            ],
            [
              4.5264694298861095,
              33.41262070105555
            ],
            [
              4.030729951682398,
              33.277920802113684
            ],
            [
              3.5193059276746617,
              33.196269088507364
            ],
            [
              3.0000000000000004,
              33.16891277167702
            ],
            [
              2.4806940723253397,
              33.196269088507364
            ],
            [
              1.9692700483176042,
              33.277920802113684
            ],
            [
              1.4735305701138919,
              33.41262070105555
            ],
            [
              1.0011189449485534,
              33.59830509741437
            ],
            [
              0.5594374352605219,
              33.832116330377495
            ],
            [
              0.15556307636806987,
              34.110434303036946
            ],
            [
              -0.20383979592049217,
              34.4289171222135
            ],
            [
              -0.5126110381814751,
              34.78255097508323
            ],
            [
              -0.7651907394148498,
              35.16570945603633
            ],
            [
              -0.9567199638229202,
              35.572222638224765
            ],
            [
              -1.0831457664737207,
              35.99545624382143
            ],
            [
              -1.1413292187407507,
              36.42840127438373
            ],
            [
              -1.1291540914893374,
              36.86377438127388
            ],
            [
              -1.045632531271296,
              37.29412904711366
            ],
            [
              -0.8910026139204846,
              37.71197727776988
            ],
            [
              -0.6668112206535848,
              38.10992094707687
            ],
            [
              -0.375974469375982,
              38.480791191220234
            ],
            [
              -0.02280721562835949,
              38.81779334488575
            ],
            [
              0.386986801068315,
              39.11465391324094
            ],
            [
              0.8463715001995082,
              39.365765088516746
            ],
            [
              1.3470867680484855,
              39.56632148613172
            ],
            [
              1.879810212505882,
              39.71244324710013
            ],
            [
              2.4343697804865925,
              39.80127957330155
            ],
            [
              3.0000000000000004,
              39.831087228322986
            ]
          ]
        ]
      }
    },
    {
      "type": "Feature",
      "properties": {
        "name": "Morocco",
        "code": "MAR"
      },
      "geometry": {
        "type": "Polygon",
        "coordinates": [
          [
            [
              -9.0,
              35.331087228322986
            ],
            [
              -8.467536512358878,
              35.301485783352454
            ],
            [
              -7.9452880145720375,
              35.21325216287178
            ],
            [
              -7.443203997205739,
              35.06808323673847
            ],
            [
              -6.97071646181538,
              34.868757054332626
            ],
            [
              -6.536513546966369,
              34.61906060210016
            ],
            [
              -6.148348306030679,
              34.323694048046846
            ],
            [
              -5.812888852281141,
              33.98815614287608
            ],
            [
              -5.535612516672126,
              33.6186159028486
            ],
            [
              -5.320743324065716,
              33.22177570563315
            ],
            [
              -5.171229358121846,
              32.80473055831716
            ],
            [
              -5.088754672235257,
              32.37482765517065
            ],
            [
              -5.073779370732964,
              31.939529554024478
            ],
            [
              -5.1256012532844775,
              31.506283478503583
            ],
            [
              -5.242432819392853,
              31.082398490082323
            ],
            [
              -5.421488262574146,
              30.67493162995704
            ],
            [
              -5.659076141122921,
              30.290583636293977
            ],
            [
              -5.950694520429853,
              29.935604501390703
            ],
            [
              -6.291126411854603,
              29.61570893007636
            ],
            [
              -6.674534204321602,
              29.336001667669635
            ],
            [
              -7.094552459536194,
              29.100912650226583
            ],
            [
              -7.544378916971965,
              28.914141959158673
            ],
            [
              -8.016863851957845,
              28.778614608331782
            ],
            [
              -8.5045980854594,
              28.69644523290193
            ],
            [
              -9.0,
              28.668912771677025
            ],
            [
              -9.495401914540599,
              28.69644523290193
            ],
            [
              -9.983136148042155,
              28.778614608331782
            ],
            [
              -10.455621083028035,
              28.914141959158673
            ],
            [
              -10.905447540463804,
              29.100912650226583
            ],
            [
              -11.325465795678397,
              29.336001667669635
            ],
            [
              -11.708873588145394,
              29.61570893007636
            ],
            [
              -12.049305479570146,
              29.935604501390703
            ],
            [
              -12.340923858877078,
              30.290583636293977
            ],
            [
              -12.578511737425854,
              30.67493162995704
            ],
            [
              -12.757567180607147,
              31.082398490082323
            ],
            [
              -12.874398746715523,
              31.506283478503583
            ],
            [
              -12.926220629267036,
              31.939529554024478
            ],
            [
              -12.911245327764744,
              32.37482765517064
            ],
            [
              -12.828770641878155,
              32.804730558317154
            ],
            [
              -12.679256675934285,
              33.22177570563315
            ],
            [
              -12.464387483327876,
              33.6186159028486
            ],
            [
              -12.187111147718861,
              33.98815614287608
            ],
            [
              -11.85165169396932,
              34.323694048046846
            ],
            [
              -11.463486453033632,
              34.61906060210016
            ],
            [
              -11.029283538184622,
              34.868757054332626
            ],
            [
              -10.55679600279426,
              35.06808323673847
            ],
            [
              -10.054711985427966,
              35.21325216287178
            ],
            [
              -9.532463487641122,
              35.301485783352454
            ],
            [
              -9.0,
              35.331087228322986
            ]
          ]
        ]
      }
    },
    {
      "type": "Feature",
      "properties": {
        "name": "Western Sahara",
        "code": "ESH"
      },
      "geometry": {
        "type": "Polygon",
        "coordinates": [
          [
            [
              -16.0,
              26.33108722832298
            ],
            [
              -15.51526170027317,
              26.301838133344205
            ],
            [
              -15.039505292104428,
              26.21463508591395
            ],
            [
              -14.581503010814787,
              26.071097746564096
            ],
            [
              -14.149616763056137,
              25.873882654387515
            ],
            [
              -13.75161459839306,
              25.626620961636313
            ],
            [
              -13.394510964043327,
              25.333835200721825
            ],
            [
              -13.084435388302905,
              25.00083855443697
            ],
            [
              -12.826532048921784,
              24.633620508610452
            ],
            [
              -12.62489057336192,
              24.238722865419525
            ],
            [
              -12.482506616076723,
              23.82310992410054
            ],
            [
              -12.401269413164034,
              23.39403626021869
            ],
            [
              -12.381972688147966,
              22.958915034505416
            ],
            [
              -12.424344955086905,
              22.52518921624453
            ],
            [
              -12.52709535733389,
              22.10020758125716
            ],
            [
              -12.687971577823955,
              21.691106889259746
            ],
            [
              -12.903826934876697,
              21.304701287488843
            ],
            [
              -13.170694420153886,
              20.94737973503091
            ],
            [
              -13.483866048251464,
              20.625012087086404
            ],
            [
              -13.837976404199416,
              20.34286440080337
            ],
            [
              -14.227089658975084,
              20.10552399834236
            ],
            [
              -14.644789563875028,
              19.9168348208891
            ],
            [
              -15.084272044013085,
              19.77984360425471
            ],
            [
              -15.53844001683887,
              19.69675738282171
            ],
            [
              -16.0,
              19.66891277167702
            ],
            [
              -16.461559983161127,
              19.69675738282171
            ],
            [
              -16.915727955986917,
              19.779843604254708
            ],
            [
              -17.35521043612497,
              19.9168348208891
            ],
            [
              -17.772910341024915,
              20.10552399834236
            ],
            [
              -18.162023595800584,
              20.34286440080337
            ],
            [
              -18.516133951748536,
              20.6250120870864
            ],
            [
              -18.829305579846114,
              20.947379735030907
            ],
            [
              -19.096173065123303,
              21.30470128748884
            ],
            [
              -19.31202842217605,
              21.691106889259746
            ],
            [
              -19.472904642666112,
              22.10020758125716
            ],
            [
              -19.5756550449131,
              22.52518921624453
            ],
            [
              -19.618027311852035,
              22.958915034505416
            ],
            [
              -19.598730586835966,
              23.39403626021869
            ],
            [
              -19.517493383923277,
              23.82310992410054
            ],
            [
              -19.37510942663808,
              24.238722865419522
            ],
            [
              -19.173467951078216,
              24.633620508610452
            ],
            [
              -18.915564611697096,
              25.00083855443697
            ],
            [
              -18.605489035956673,
              25.333835200721825
            ],
            [
              -18.248385401606942,
              25.626620961636313
            ],
            [
              -17.850383236943866,
              25.873882654387515
            ],
            [
              -17.418496989185215,
              26.071097746564096
            ],
            [
              -16.960494707895577,
              26.214635085913947
            ],
            [
              -16.484738299726832,
              26.301838133344205
            ],
            [
              -16.0,
              26.33108722832298
            ]
          ]
        ]
      }
    },
    {
      "type": "Feature",
      "properties": {
        "name": "Mauritania",
        "code": "MRT"
      },
      "geometry": {
        "type": "Polygon",
        "coordinates": [
          [
            [
              -16.0,
              22.331087228322982
            ],
            [
              -15.530311624369855,
              22.301976728020463
            ],
            [
              -15.069206508103633,
              22.21517930081681
            ],
            [
              -14.625076375005266,
              22.07228492926537
            ],
            [
              -14.205937468286756,
              21.875903321886078
            ],
            [
              -13.81926112629755,
              21.629605331890847
            ],
            [
              -13.471824586372808,
              21.33784438777609
            ],
            [
              -13.169586113783932,
              21.005860988832826
            ],
            [
              -12.917586772287702,
              20.639573700786972
            ],
            [
              -12.71987942132031,
              20.24546020589241
            ],
            [
              -12.579484027128318,
              19.830431848291546
            ],
            [
              -12.498367236596964,
              19.401704823615386
            ],
            [
              -12.477443439822009,
              18.96667075812914
            ],
            [
              -12.516594232325955,
              18.53276897439154
            ],
            [
              -12.614703221247902,
              18.107362305694195
            ],
            [
              -12.769703411144048,
              17.6976179437051
            ],
            [
              -12.978634851194006,
              17.31039450814052
            ],
            [
              -13.237710727678632,
              16.952136321762957
            ],
            [
              -13.542390560571551,
              16.628775751370195
            ],
            [
              -13.887459550855734,
              16.34564441743767
            ],
            [
              -14.267113391150243,
              16.107394056892257
            ],
            [
              -14.675047986532684,
              15.917927818308316
            ],
            [
              -15.104553546557101,
              15.780342751886128
            ],
            [
              -15.548612431139038,
              15.696884208547047
            ],
            [
              -16.0,
              15.668912771677022
            ],
            [
              -16.45138756886096,
              15.696884208547047
            ],
            [
              -16.8954464534429,
              15.780342751886128
            ],
            [
              -17.324952013467318,
              15.917927818308316
            ],
            [
              -17.732886608849757,
              16.107394056892257
            ],
            [
              -18.112540449144266,
              16.34564441743767
            ],
            [
              -18.45760943942845,
              16.628775751370195
            ],
            [
              -18.762289272321368,
              16.952136321762957
            ],
            [
              -19.021365148805994,
              17.310394508140515
            ],
            [
              -19.230296588855953,
              17.6976179437051
            ],
            [
              -19.3852967787521,
              18.107362305694195
            ],
            [
              -19.483405767674043,
              18.53276897439154
            ],
            [
              -19.522556560177993,
              18.96667075812914
            ],
            [
              -19.501632763403038,
              19.401704823615386
            ],
            [
              -19.420515972871684,
              19.830431848291546
            ],
            [
              -19.280120578679693,
              20.24546020589241
            ],
            [
              -19.082413227712298,
              20.639573700786972
            ],
            [
              -18.83041388621607,
              21.005860988832822
            ],
            [
              -18.528175413627196,
              21.33784438777609
            ],
            [
              -18.180738873702456,
              21.629605331890847
            ],
            [
              -17.794062531713244,
              21.875903321886078
            ],
            [
              -17.374923624994732,
              22.07228492926537
            ],
            [
              -16.93079349189637,
              22.21517930081681
            ],
            [
              -16.469688375630145,
              22.301976728020463
            ],
            [
              -16.0,
              22.331087228322982
            ]
          ]
        ]
      }
    },
    {
      "type": "Feature",
      "properties": {
        "name": "Senegal",
        "code": "SEN"
      },
      "geometry": {
        "type": "Polygon",
        "coordinates": [
          [
            [
              -17.5,
              17.83108722832298
            ],
            [
              -17.043592495055886,
              17.802123502625324
            ],
            [
              -16.59540305017808,
              17.71575578837436
            ],
            [
              -16.163475202368023,
              17.573543061270765
            ],
            [
              -15.755509755231614,
              17.37804602812442
            ],
            [
              -15.378708675653046,
              17.13277230344319
            ],
            [
              -15.039635929181207,
              16.842102620164333
            ],
            [
              -14.744098813056873,
              16.511200716623904
            ],
            [
              -14.49705193042299,
              16.14590989260218
            ],
            [
              -14.302524562362851,
              15.752639358926473
            ],
            [
              -14.163570982868354,
              15.338243441243607
            ],
            [
              -14.082242328553727,
              14.909896483060734
            ],
            [
              -14.05957802978325,
              14.474965980946365
            ],
            [
              -14.09561453113236,
              14.040886132405143
            ],
            [
              -14.189409032795242,
              13.615033634342732
            ],
            [
              -14.339076198491306,
              13.204607274868154
            ],
            [
              -14.541836114317393,
              12.816512635812105
            ],
            [
              -14.794072162204207,
              12.457253074490588
            ],
            [
              -15.091397818005442,
              12.132828073699487
            ],
            [
              -15.428731643414688,
              11.848640020728572
            ],
            [
              -15.800379881157644,
              11.609410474688154
            ],
            [
              -16.20012607591811,
              11.419106979688719
            ],
            [
              -16.621327042329614,
              11.280881454348707
            ],
            [
              -17.057014316441844,
              11.197021116214874
            ],
            [
              -17.5,
              11.168912771677022
            ],
            [
              -17.942985683558156,
              11.197021116214874
            ],
            [
              -18.378672957670386,
              11.280881454348707
            ],
            [
              -18.79987392408189,
              11.419106979688719
            ],
            [
              -19.199620118842354,
              11.609410474688154
            ],
            [
              -19.57126835658531,
              11.848640020728572
            ],
            [
              -19.908602181994553,
              12.132828073699486
            ],
            [
              -20.205927837795787,
              12.457253074490586
            ],
            [
              -20.458163885682605,
              12.816512635812101
            ],
            [
              -20.660923801508694,
              13.204607274868154
            ],
            [
              -20.810590967204757,
              13.615033634342732
            ],
            [
              -20.904385468867638,
              14.040886132405143
            ],
            [
              -20.94042197021675,
              14.474965980946365
            ],
            [
              -20.91775767144627,
              14.909896483060734
            ],
            [
              -20.836429017131646,
              15.338243441243607
            ],
            [
              -20.69747543763715,
              15.75263935892647
            ],
            [
              -20.50294806957701,
              16.14590989260218
            ],
            [
              -20.255901186943124,
              16.511200716623904
            ],
            [
              -19.96036407081879,
              16.842102620164333
            ],
            [
              -19.621291324346952,
              17.13277230344319
            ],
            [
              -19.24449024476839,
              17.37804602812442
            ],
            [
              -18.83652479763197,
              17.573543061270765
            ],
            [
              -18.404596949821922,
              17.715755788374356
            ],
            [
              -17.956407504944114,
              17.802123502625324
            ],
            [
              -17.5,
              17.83108722832298
            ]
          ]
        ]
      }
    },
    {
      "type": "Feature",
      "properties": {
        "name": "Gambia",
        "code": "GMB"
      },
      "geometry": {
        "type": "Polygon",
        "coordinates": [
          [
            [
              -16.5,
              16.831087228322975
            ],
            [
              -16.04606720554,
              16.802155055922235
            ],
            [
              -15.600281819848206,
              16.715879740887697
            ],
            [
              -15.170620107879415,
              16.573813649710537
            ],
            [
              -14.764722108958312,
              16.378507034479195
            ],
            [
              -14.389738187313275,
              16.133453998301977
            ],
            [
              -14.052191872143302,
              15.843019712524008
            ],
            [
              -13.757862436053111,
              15.512351443605356
            ],
            [
              -13.511689315617833,
              15.147276291095306
            ],
            [
              -13.3176991581898,
              14.754188671388832
            ],
            [
              -13.178955124526782,
              14.33993052724953
            ],
            [
              -13.097527185829282,
              13.911667042359921
            ],
            [
              -13.074481574617364,
              13.476760346165388
            ],
            [
              -13.109887280669355,
              13.04264336146764
            ],
            [
              -13.202837484513369,
              12.616695623879416
            ],
            [
              -13.351484022704996,
              12.20612262485517
            ],
            [
              -13.5530832991758,
              11.817840020241189
            ],
            [
              -13.804052413211142,
              11.45836391052122
            ],
            [
              -14.100034595733886,
              11.133708329809991
            ],
            [
              -14.435973278247074,
              10.84929106012002
            ],
            [
              -14.80619423192887,
              10.609848890731435
            ],
            [
              -15.20449520011236,
              10.419363442496094
            ],
            [
              -15.624242319413584,
              10.280998648361871
            ],
            [
              -16.058472414322047,
              10.197050904676024
            ],
            [
              -16.5,
              10.168912771677022
            ],
            [
              -16.941527585677957,
              10.197050904676024
            ],
            [
              -17.375757680586418,
              10.280998648361871
            ],
            [
              -17.79550479988764,
              10.419363442496094
            ],
            [
              -18.19380576807113,
              10.609848890731435
            ],
            [
              -18.564026721752924,
              10.84929106012002
            ],
            [
              -18.899965404266112,
              11.13370832980999
            ],
            [
              -19.195947586788858,
              11.45836391052122
            ],
            [
              -19.446916700824204,
              11.817840020241187
            ],
            [
              -19.648515977295006,
              12.20612262485517
            ],
            [
              -19.797162515486633,
              12.616695623879416
            ],
            [
              -19.890112719330645,
              13.04264336146764
            ],
            [
              -19.925518425382638,
              13.476760346165388
            ],
            [
              -19.902472814170718,
              13.91166704235992
            ],
            [
              -19.82104487547322,
              14.339930527249527
            ],
            [
              -19.682300841810203,
              14.754188671388828
            ],
            [
              -19.48831068438217,
              15.147276291095306
            ],
            [
              -19.24213756394689,
              15.512351443605356
            ],
            [
              -18.9478081278567,
              15.843019712524006
            ],
            [
              -18.61026181268673,
              16.133453998301977
            ],
            [
              -18.23527789104169,
              16.378507034479192
            ],
            [
              -17.829379892120585,
              16.573813649710537
            ],
            [
              -17.399718180151797,
              16.715879740887697
            ],
            [
              -16.95393279446,
              16.802155055922235
            ],
            [
              -16.5,
              16.831087228322975
            ]
          ]
        ]
      }
    },
    {
      "type": "Feature",
      "properties": {
        "name": "Guinea-Bissau",
        "code": "GNB"
      },
      "geometry": {
        "type": "Polygon",
        "coordinates": [
          [
            [
              -16.5,
              15.33108722832298
            ],
            [
              -16.049473912083652,
              15.302201772996746
            ],
            [
              -15.606995811482202,
              15.216063275310908
            ],
            [
              -15.180447371482664,
              15.074214352984415
            ],
            [
              -14.777383342475355,
              14.879189830755774
            ],
            [
              -14.40488189930319,
              14.634463861501692
            ],
            [
              -14.069410351951687,
              14.344378619981565
            ],
            [
              -13.776709508904197,
              14.014057004992312
            ],
            [
              -13.531698736613913,
              13.64930211842231
            ],
            [
              -13.33840253432496,
              13.25648642465814
            ],
            [
              -13.19989837055793,
              12.842433451727551
            ],
            [
              -13.118284698015556,
              12.414294715703901
            ],
            [
              -13.094667523344512,
              11.979424281923581
            ],
            [
              -13.129163657193946,
              11.54525307201596
            ],
            [
              -13.220918770110716,
              11.119164730512852
            ],
            [
              -13.368138566260937,
              10.70837461367705
            ],
            [
              -13.568131681800295,
              10.319813276799923
            ],
            [
              -13.817363239279512,
              9.960015720381092
            ],
            [
              -14.111518274783784,
              9.635017602658408
            ],
            [
              -14.445574448743496,
              9.350259617626191
            ],
            [
              -14.813883524303087,
              9.110501248914195
            ],
            [
              -15.21026104168107,
              8.919745113204556
            ],
            [
              -15.628083447808782,
              8.781173076624503
            ],
            [
              -16.06039169045948,
              8.697095243889521
            ],
            [
              -16.5,
              8.668912771677023
            ],
            [
              -16.939608309540525,
              8.697095243889521
            ],
            [
              -17.37191655219122,
              8.781173076624503
            ],
            [
              -17.78973895831893,
              8.919745113204556
            ],
            [
              -18.186116475696917,
              9.110501248914195
            ],
            [
              -18.554425551256504,
              9.35025961762619
            ],
            [
              -18.888481725216216,
              9.635017602658408
            ],
            [
              -19.182636760720488,
              9.960015720381092
            ],
            [
              -19.431868318199708,
              10.319813276799922
            ],
            [
              -19.63186143373906,
              10.70837461367705
            ],
            [
              -19.779081229889286,
              11.119164730512852
            ],
            [
              -19.870836342806058,
              11.54525307201596
            ],
            [
              -19.90533247665549,
              11.979424281923581
            ],
            [
              -19.881715301984446,
              12.414294715703901
            ],
            [
              -19.80010162944207,
              12.84243345172755
            ],
            [
              -19.66159746567504,
              13.256486424658137
            ],
            [
              -19.46830126338609,
              13.64930211842231
            ],
            [
              -19.223290491095803,
              14.014057004992308
            ],
            [
              -18.930589648048315,
              14.344378619981562
            ],
            [
              -18.595118100696812,
              14.634463861501692
            ],
            [
              -18.22261665752465,
              14.879189830755774
            ],
            [
              -17.81955262851734,
              15.074214352984415
            ],
            [
              -17.393004188517803,
              15.216063275310908
            ],
            [
              -16.95052608791635,
              15.302201772996746
            ],
            [
              -16.5,
              15.33108722832298
            ]
          ]
        ]
      }
    },
    {
      "type": "Feature",
      "properties": {
        "name": "Guinea",
        "code": "GIN"
      },
      "geometry": {
        "type": "Polygon",
        "coordinates": [
          [
            [
              -14.999999999999998,
              13.83108722832298
            ],
            [
              -14.552525486976554,
              13.802247825412346
            ],
            [
              -14.113007048380421,
              13.716244213953955
            ],
            [
              -13.689239007974235,
              13.574609444373165
            ],
            [
              -13.288697557671815,
              13.379863193889472
            ],
            [
              -12.918394695821675,
              13.135460012679935
            ],
            [
              -12.58474665494091,
              12.845719457249807
            ],
            [
              -12.293459954953365,
              12.515740429483317
            ],
            [
              -12.049437064429215,
              12.151302361578983
            ],
            [
              -11.856702517532037,
              11.758756022975527
            ],
            [
              -11.71834933875521,
              11.344906694678512
            ],
            [
              -11.636504857149996,
              10.916892295915103
            ],
            [
              -11.612314490074555,
              10.482058804617761
            ],
            [
              -11.645941844253931,
              10.047835035694357
            ],
            [
              -11.736583483626918,
              9.621608573036745
            ],
            [
              -11.882496887995202,
              9.21060442590961
            ],
            [
              -12.081040399562637,
              8.82176781733331
            ],
            [
              -12.328724250386253,
              8.461652416526046
            ],
            [
              -12.621272015643676,
              8.136315291350712
            ],
            [
              -12.95369199490047,
              7.851219861399035
            ],
            [
              -13.320358056835204,
              7.611148152384182
            ],
            [
              -13.71509938583418,
              7.420123659928364
            ],
            [
              -14.131298357387056,
              7.281346099533978
            ],
            [
              -14.561995477831356,
              7.19713922931062
            ],
            [
              -14.999999999999998,
              7.168912771677023
            ],
            [
              -15.438004522168642,
              7.19713922931062
            ],
            [
              -15.86870164261294,
              7.281346099533978
            ],
            [
              -16.284900614165817,
              7.420123659928362
            ],
            [
              -16.679641943164793,
              7.611148152384182
            ],
            [
              -17.046308005099526,
              7.851219861399035
            ],
            [
              -17.37872798435632,
              8.13631529135071
            ],
            [
              -17.671275749613745,
              8.461652416526045
            ],
            [
              -17.918959600437358,
              8.821767817333308
            ],
            [
              -18.117503112004798,
              9.21060442590961
            ],
            [
              -18.26341651637308,
              9.621608573036745
            ],
            [
              -18.354058155746067,
              10.047835035694357
            ],
            [
              -18.387685509925443,
              10.482058804617761
            ],
            [
              -18.363495142850002,
              10.916892295915101
            ],
            [
              -18.28165066124479,
              11.34490669467851
            ],
            [
              -18.143297482467965,
              11.758756022975525
            ],
            [
              -17.95056293557078,
              12.151302361578983
            ],
            [
              -17.706540045046637,
              12.515740429483316
            ],
            [
              -17.41525334505909,
              12.845719457249807
            ],
            [
              -17.081605304178325,
              13.135460012679935
            ],
            [
              -16.711302442328183,
              13.379863193889472
            ],
            [
              -16.310760992025763,
              13.574609444373166
            ],
            [
              -15.886992951619577,
              13.716244213953955
            ],
            [
              -15.447474513023444,
              13.802247825412346
            ],
            [
              -14.999999999999998,
              13.83108722832298
            ]
          ]
        ]
      }
    },
    {
      "type": "Feature",
      "properties": {
        "name": "Sierra Leone",
        "code": "SLE"
      },
      "geometry": {
        "type": "Polygon",
        "coordinates": [
          [
            [
              -13.0,
              11.831087228322978
            ],
            [
              -12.55606117395109,
              11.80230832546927
            ],
            [
              -12.119966924212207,
              11.716481940188054
            ],
            [
              -11.6994057826776,
              11.575128618575318
            ],
            [
              -11.301759143812456,
              11.380748229227487
            ],
            [
              -10.93395969702412,
              11.136769666116624
            ],
            [
              -10.6023632562766,
              10.847482849351014
            ],
            [
              -10.312636927411424,
              10.51795519269558
            ],
            [
              -10.069665513559505,
              10.15393501368111
            ],
            [
              -9.877477035060757,
              9.761744498173746
            ],
            [
              -9.739187341642452,
              9.348164813940876
            ],
            [
              -9.65696309992657,
              8.92031583094594
            ],
            [
              -9.632001988894233,
              8.485532693261344
            ],
            [
              -9.664528730886472,
              8.051241244122311
            ],
            [
              -9.753805593473585,
              7.624834072631923
            ],
            [
              -9.898156161082758,
              7.213548759063076
            ],
            [
              -10.095001424384288,
              6.824349763790382
            ],
            [
              -10.340907497729528,
              6.463815336929116
            ],
            [
              -10.631644485752846,
              6.138030813059307
            ],
            [
              -10.962256130413992,
              5.852489678724108
            ],
            [
              -11.32713985081931,
              5.612003833529801
            ],
            [
              -11.72013663491889,
              5.420624479836363
            ],
            [
              -12.134629972301159,
              5.281575044318952
            ],
            [
              -12.563652668058506,
              5.197197436328796
            ],
            [
              -13.0,
              5.1689127716770225
            ],
            [
              -13.436347331941496,
              5.197197436328796
            ],
            [
              -13.865370027698843,
              5.281575044318951
            ],
            [
              -14.27986336508111,
              5.420624479836362
            ],
            [
              -14.672860149180691,
              5.612003833529801
            ],
            [
              -15.03774386958601,
              5.852489678724108
            ],
            [
              -15.368355514247154,
              6.138030813059305
            ],
            [
              -15.659092502270472,
              6.463815336929115
            ],
            [
              -15.904998575615712,
              6.824349763790379
            ],
            [
              -16.101843838917244,
              7.213548759063076
            ],
            [
              -16.246194406526417,
              7.624834072631923
            ],
            [
              -16.33547126911353,
              8.051241244122311
            ],
            [
              -16.36799801110577,
              8.485532693261344
            ],
            [
              -16.343036900073432,
              8.920315830945938
            ],
            [
              -16.26081265835755,
              9.348164813940874
            ],
            [
              -16.12252296493925,
              9.761744498173744
            ],
            [
              -15.930334486440499,
              10.15393501368111
            ],
            [
              -15.687363072588582,
              10.517955192695577
            ],
            [
              -15.397636743723401,
              10.847482849351012
            ],
            [
              -15.066040302975884,
              11.136769666116624
            ],
            [
              -14.69824085618755,
              11.380748229227486
            ],
            [
              -14.300594217322402,
              11.575128618575318
            ],
            [
              -13.880033075787797,
              11.716481940188054
            ],
            [
              -13.443938826048912,
              11.80230832546927
            ],
            [
              -13.0,
              11.831087228322978
            ]
          ]
        ]
      }
    },
    {
      "type": "Feature",
      "properties": {
        "name": "Liberia",
        "code": "LBR"
      },
      "geometry": {
        "type": "Polygon",
        "coordinates": [
          [
            [
              -10.0,
              9.33108722832298
            ],
            [
              -9.559655516024375,
              9.302382737040414
            ],
            [
              -9.127032936295748,
              9.216774365756338
            ],
            [
              -8.709704707787816,
              9.075767381084411
            ],
            [
              -8.314948833357139,
              8.88183742978532
            ],
            [
              -7.949612495208392,
              8.638382000454047
            ],
            [
              -7.619987813413755,
              8.349654684071906
            ],
            [
              -7.331702447886278,
              8.020684225220457
            ],
            [
              -7.089626840365642,
              7.657180644034088
            ],
            [
              -6.897798995562039,
              7.265430843571999
            ],
            [
              -6.759366914408584,
              6.852186114002408
            ],
            [
              -6.676548187692076,
              6.4245438345976265
            ],
            [
              -6.6506058714933385,
              5.989825496720471
            ],
            [
              -6.68183959800121,
              5.555452967575258
            ],
            [
              -6.7695908964403095,
              5.1288247232332544
            ],
            [
              -6.912261855994429,
              4.717193629020266
            ],
            [
              -7.10734648937972,
              4.327547752284648
            ],
            [
              -7.35147438284953,
              3.966495659950476
            ],
            [
              -7.640466383247577,
              3.640157671408388
            ],
            [
              -7.969402127250325,
              3.354064585924249
            ],
            [
              -8.33269913462811,
              3.113065455465504
            ],
            [
              -8.724202962425306,
              2.9212459985092685
            ],
            [
              -9.137287570632104,
              2.781859219817737
            ],
            [
              -9.564964623459927,
              2.697269693631592
            ],
            [
              -10.0,
              2.668912771677022
            ],
            [
              -10.435035376540071,
              2.697269693631592
            ],
            [
              -10.862712429367894,
              2.7818592198177368
            ],
            [
              -11.275797037574694,
              2.921245998509268
            ],
            [
              -11.667300865371889,
              3.1130654554655037
            ],
            [
              -12.030597872749674,
              3.3540645859242484
            ],
            [
              -12.359533616752422,
              3.640157671408386
            ],
            [
              -12.648525617150469,
              3.966495659950476
            ],
            [
              -12.892653510620278,
              4.327547752284646
            ],
            [
              -13.08773814400557,
              4.717193629020266
            ],
            [
              -13.23040910355969,
              5.1288247232332544
            ],
            [
              -13.318160401998789,
              5.555452967575258
            ],
            [
              -13.349394128506662,
              5.98982549672047
            ],
            [
              -13.323451812307924,
              6.424543834597625
            ],
            [
              -13.240633085591416,
              6.852186114002406
            ],
            [
              -13.102201004437962,
              7.2654308435719965
            ],
            [
              -12.910373159634359,
              7.657180644034088
            ],
            [
              -12.668297552113724,
              8.020684225220453
            ],
            [
              -12.380012186586244,
              8.349654684071906
            ],
            [
              -12.050387504791608,
              8.638382000454047
            ],
            [
              -11.685051166642863,
              8.88183742978532
            ],
            [
              -11.290295292212182,
              9.075767381084411
            ],
            [
              -10.872967063704255,
              9.216774365756336
            ],
            [
              -10.440344483975627,
              9.302382737040414
            ],
            [
              -10.0,
              9.33108722832298
            ]
          ]
        ]
      }
    },
    {
      "type": "Feature",
      "properties": {
        "name": "C\u00f4te d'Ivoire",
        "code": "CIV"
      },
      "geometry": {
        "type": "Polygon",
        "coordinates": [
          [
            [
              -5.5,
              8.831087228322978
            ],
            [
              -5.060267319691876,
              8.802397482842498
            ],
            [
              -4.628234130849861,
              8.716832319108669
            ],
            [
              -4.211451718611838,
              8.57589398895749
            ],
            [
              -3.8171793346707266,
              8.382053357755865
            ],
            [
              -3.4522488067218995,
              8.13870171035242
            ],
            [
              -3.1229410428514512,
              7.850085454619253
            ],
            [
              -2.8348770943356185,
              7.521225680185103
            ],
            [
              -2.592925552492389,
              7.157824814480672
            ],
            [
              -2.4011271816811997,
              6.766162752333668
            ],
            [
              -2.2626369257894945,
              6.352984834543222
            ],
            [
              -2.179682838303516,
              5.92538394535243
            ],
            [
              -2.153541111893523,
              5.490678827521746
            ],
            [
              -2.1845262234124654,
              5.0562905179406386
            ],
            [
              -2.271995234801237,
              4.629618623547152
            ],
            [
              -2.414365447176894,
              4.2179190149977375
            ],
            [
              -2.6091448286551238,
              3.8281844302230064
            ],
            [
              -2.8529748574359073,
              3.4670294545725238
            ],
            [
              -3.1416855780057924,
              3.140581368778088
            ],
            [
              -3.470362712118724,
              2.854378409929014
            ],
            [
              -3.8334265701269405,
              2.6132770463873136
            ],
            [
              -4.224722268743571,
              2.421369894616819
            ],
            [
              -4.637620399198048,
              2.281915875772219
            ],
            [
              -5.065126847140327,
              2.1972841006568613
            ],
            [
              -5.499999999999999,
              2.168912771677021
            ],
            [
              -5.934873152859672,
              2.1972841006568613
            ],
            [
              -6.362379600801951,
              2.2819158757722184
            ],
            [
              -6.775277731256428,
              2.421369894616819
            ],
            [
              -7.166573429873059,
              2.613277046387313
            ],
            [
              -7.529637287881274,
              2.854378409929014
            ],
            [
              -7.858314421994205,
              3.1405813687780864
            ],
            [
              -8.147025142564091,
              3.467029454572523
            ],
            [
              -8.390855171344874,
              3.8281844302230037
            ],
            [
              -8.585634552823107,
              4.2179190149977375
            ],
            [
              -8.728004765198763,
              4.629618623547152
            ],
            [
              -8.815473776587535,
              5.0562905179406386
            ],
            [
              -8.846458888106476,
              5.490678827521745
            ],
            [
              -8.820317161696483,
              5.925383945352428
            ],
            [
              -8.737363074210505,
              6.3529848345432205
            ],
            [
              -8.598872818318801,
              6.766162752333665
            ],
            [
              -8.407074447507611,
              7.157824814480672
            ],
            [
              -8.165122905664383,
              7.5212256801851005
            ],
            [
              -7.877058957148548,
              7.850085454619253
            ],
            [
              -7.547751193278102,
              8.13870171035242
            ],
            [
              -7.182820665329275,
              8.382053357755863
            ],
            [
              -6.78854828138816,
              8.575893988957493
            ],
            [
              -6.371765869150141,
              8.716832319108667
            ],
            [
              -5.939732680308124,
              8.802397482842498
            ],
            [
              -5.5,
              8.831087228322978
            ]
          ]
        ]
      }
    },
    {
      "type": "Feature",
      "properties": {
        "name": "Ghana",
        "code": "GHA"
      },
      "geometry": {
        "type": "Polygon",
        "coordinates": [
          [
            [
              -1.0,
              8.331087228322978
            ],
            [
              -0.5608440299850463,
              8.302412188845047
            ],
            [
              -0.12936582368231486,
              8.216890117591419
            ],
            [
              0.28690383138894937,
              8.076020264063665
            ],
            [
              0.6807238105649033,
              7.882268731244647
            ],
            [
              1.0452770730173992,
              7.63902062348338
            ],
            [
              1.3742934241011506,
              7.350515190246872
            ],
            [
              1.6621580000710703,
              7.021765889526934
            ],
            [
              1.9040037204976414,
              6.658467575442946
            ],
            [
              2.0957868038343728,
              6.266893148148074
            ],
            [
              2.234345185239555,
              5.853782005713802
            ],
            [
              2.3174402457310337,
              5.4262225369127135
            ],
            [
              2.3437826232625216,
              4.9915307290763895
            ],
            [
              2.313043028376322,
              4.5571267769690476
            ],
            [
              2.225848958839323,
              4.1304114034631745
            ],
            [
              2.0837680509455287,
              3.7186434685275143
            ],
            [
              1.8892785850759195,
              3.3288203654920094
            ],
            [
              1.6457274479910262,
              2.9675626853404236
            ],
            [
              1.3572757062933758,
              2.641004660755921
            ],
            [
              1.028831912271114,
              2.3546919610373704
            ],
            [
              0.6659733721769612,
              2.113488468853796
            ],
            [
              0.27485586112921284,
              1.9214936993279477
            ],
            [
              -0.13788735308717537,
              1.7819724923385984
            ],
            [
              -0.5652558560444069,
              1.697298498037456
            ],
            [
              -0.9999999999999997,
              1.6689127716770213
            ],
            [
              -1.4347441439555924,
              1.697298498037456
            ],
            [
              -1.862112646912824,
              1.7819724923385982
            ],
            [
              -2.274855861129212,
              1.9214936993279472
            ],
            [
              -2.66597337217696,
              2.1134884688537956
            ],
            [
              -3.028831912271113,
              2.3546919610373704
            ],
            [
              -3.3572757062933745,
              2.6410046607559194
            ],
            [
              -3.6457274479910255,
              2.967562685340423
            ],
            [
              -3.8892785850759193,
              3.328820365492007
            ],
            [
              -4.083768050945529,
              3.7186434685275143
            ],
            [
              -4.225848958839323,
              4.1304114034631745
            ],
            [
              -4.313043028376323,
              4.5571267769690476
            ],
            [
              -4.343782623262522,
              4.991530729076389
            ],
            [
              -4.317440245731034,
              5.426222536912712
            ],
            [
              -4.2343451852395555,
              5.8537820057138
            ],
            [
              -4.095786803834374,
              6.266893148148071
            ],
            [
              -3.904003720497641,
              6.658467575442946
            ],
            [
              -3.6621580000710727,
              7.0217658895269315
            ],
            [
              -3.3742934241011513,
              7.350515190246871
            ],
            [
              -3.0452770730173997,
              7.63902062348338
            ],
            [
              -2.680723810564905,
              7.882268731244645
            ],
            [
              -2.286903831388949,
              8.076020264063665
            ],
            [
              -1.8706341763176881,
              8.216890117591419
            ],
            [
              -1.439155970014954,
              8.302412188845047
            ],
            [
              -1.0,
              8.331087228322978
            ]
          ]
        ]
      }
    },
    {
      "type": "Feature",
      "properties": {
        "name": "Togo",
        "code": "TGO"
      },
      "geometry": {
        "type": "Polygon",
        "coordinates": [
          [
            [
              1.0,
              9.33108722832298
            ],
            [
              1.4403444839756256,
              9.302382737040414
            ],
            [
              1.872967063704252,
              9.216774365756338
            ],
            [
              2.2902952922121833,
              9.075767381084411
            ],
            [
              2.685051166642861,
              8.88183742978532
            ],
            [
              3.050387504791607,
              8.638382000454047
            ],
            [
              3.3800121865862436,
              8.349654684071906
            ],
            [
              3.668297552113722,
              8.020684225220457
            ],
            [
              3.910373159634358,
              7.657180644034088
            ],
            [
              4.102201004437961,
              7.265430843571999
            ],
            [
              4.240633085591415,
              6.852186114002408
            ],
            [
              4.3234518123079235,
              6.4245438345976265
            ],
            [
              4.349394128506661,
              5.989825496720471
            ],
            [
              4.318160401998789,
              5.555452967575258
            ],
            [
              4.2304091035596905,
              5.1288247232332544
            ],
            [
              4.087738144005571,
              4.717193629020266
            ],
            [
              3.89265351062028,
              4.327547752284648
            ],
            [
              3.6485256171504687,
              3.966495659950476
            ],
            [
              3.3595336167524232,
              3.640157671408388
            ],
            [
              3.030597872749675,
              3.354064585924249
            ],
            [
              2.66730086537189,
              3.113065455465504
            ],
            [
              2.2757970375746948,
              2.9212459985092685
            ],
            [
              1.8627124293678963,
              2.781859219817737
            ],
            [
              1.4350353765400725,
              2.697269693631592
            ],
            [
              1.0000000000000004,
              2.668912771677022
            ],
            [
              0.5649646234599284,
              2.697269693631592
            ],
            [
              0.13728757063210442,
              2.7818592198177368
            ],
            [
              -0.2757970375746937,
              2.921245998509268
            ],
            [
              -0.6673008653718896,
              3.1130654554655037
            ],
            [
              -1.0305978727496738,
              3.3540645859242484
            ],
            [
              -1.3595336167524223,
              3.640157671408386
            ],
            [
              -1.648525617150468,
              3.966495659950476
            ],
            [
              -1.8926535106202793,
              4.327547752284646
            ],
            [
              -2.0877381440055705,
              4.717193629020266
            ],
            [
              -2.230409103559691,
              5.1288247232332544
            ],
            [
              -2.3181604019987887,
              5.555452967575258
            ],
            [
              -2.34939412850666,
              5.98982549672047
            ],
            [
              -2.3234518123079244,
              6.424543834597625
            ],
            [
              -2.240633085591415,
              6.852186114002406
            ],
            [
              -2.102201004437962,
              7.2654308435719965
            ],
            [
              -1.9103731596343585,
              7.657180644034088
            ],
            [
              -1.6682975521137249,
              8.020684225220453
            ],
            [
              -1.380012186586244,
              8.349654684071906
            ],
            [
              -1.0503875047916078,
              8.638382000454047
            ],
            [
              -0.6850511666428626,
              8.88183742978532
            ],
            [
              -0.2902952922121826,
              9.075767381084411
            ],
            [
              0.12703293629574505,
              9.216774365756336
            ],
            [
              0.559655516024374,
              9.302382737040414
            ],
            [
              1.0,
              9.33108722832298
            ]
          ]
        ]
      }
    },
    {
      "type": "Feature",
      "properties": {
        "name": "Benin",
        "code": "BEN"
      },
      "geometry": {
        "type": "Polygon",
        "coordinates": [
          [
            [
              2.4,
              9.63108722832298
            ],
            [
              2.8407285102514,
              9.602373869450998
            ],
            [
              3.273721335978284,
              9.516739515465957
            ],
            [
              3.6913930107186705,
              9.37569124804206
            ],
            [
              4.086453978216682,
              9.18170759224815
            ],
            [
              4.452047568596806,
              8.938189770529089
            ],
            [
              4.78187469353732,
              8.649395696093254
            ],
            [
              5.070303524859715,
              8.320358718209315
            ],
            [
              5.312462347449701,
              7.956793422447211
            ],
            [
              5.5043146893796235,
              7.564990923763359
            ],
            [
              5.642716631322063,
              7.151706085503306
            ],
            [
              5.725456812574606,
              6.7240389840086
            ],
            [
              5.751280045464238,
              6.289312756672497
            ],
            [
              5.719895622406195,
              5.854949763241861
            ],
            [
              5.631971380652116,
              5.42834779400196
            ],
            [
              5.489114432260689,
              5.016757903180712
            ],
            [
              5.293839237800653,
              4.627165348181058
            ],
            [
              5.049523471339041,
              4.266175078345891
            ],
            [
              4.760351954218319,
              3.9399032313142293
            ],
            [
              4.4312488741077605,
              3.653876140496934
            ],
            [
              4.067798581444745,
              3.4129384065592636
            ],
            [
              3.6761554716122697,
              3.2211716090781293
            ],
            [
              3.2629437981347293,
              3.0818252037294753
            ],
            [
              2.8351486790638982,
              2.9972610438694085
            ],
            [
              2.4000000000000004,
              2.968912771677022
            ],
            [
              1.964851320936102,
              2.9972610438694085
            ],
            [
              1.537056201865271,
              3.081825203729475
            ],
            [
              1.1238445283877305,
              3.221171609078129
            ],
            [
              0.7322014185552557,
              3.412938406559263
            ],
            [
              0.36875112589223963,
              3.653876140496934
            ],
            [
              0.0396480457816825,
              3.9399032313142275
            ],
            [
              -0.24952347133904132,
              4.26617507834589
            ],
            [
              -0.4938392378006527,
              4.627165348181056
            ],
            [
              -0.6891144322606889,
              5.016757903180712
            ],
            [
              -0.8319713806521162,
              5.42834779400196
            ],
            [
              -0.9198956224061953,
              5.85494976324186
            ],
            [
              -0.9512800454642387,
              6.289312756672496
            ],
            [
              -0.9254568125746069,
              6.724038984008598
            ],
            [
              -0.842716631322064,
              7.151706085503304
            ],
            [
              -0.7043146893796243,
              7.564990923763357
            ],
            [
              -0.5124623474497009,
              7.956793422447211
            ],
            [
              -0.2703035248597168,
              8.320358718209313
            ],
            [
              0.018125306462678764,
              8.649395696093254
            ],
            [
              0.3479524314031921,
              8.938189770529089
            ],
            [
              0.7135460217833158,
              9.18170759224815
            ],
            [
              1.1086069892813295,
              9.37569124804206
            ],
            [
              1.526278664021713,
              9.516739515465957
            ],
            [
              1.9592714897485992,
              9.602373869450998
            ],
            [
              2.4,
              9.63108722832298
            ]
          ]
        ]
      }
    },
    {
      "type": "Feature",
      "properties": {
        "name": "Nigeria",
        "code": "NGA"
      },
      "geometry": {
        "type": "Polygon",
        "coordinates": [
          [
            [
              6.5,
              7.8310872283229775
            ],
            [
              6.938614127533894,
              7.802426857439964
            ],
            [
              7.369571542908613,
              7.716947770592117
            ],
            [
              7.785361300285,
              7.576146226865297
            ],
            [
              8.178759785126196,
              7.382483585044478
            ],
            [
              8.542964181608053,
              7.139338791172714
            ],
            [
              8.871714514020395,
              6.850943959819625
            ],
            [
              9.159401687195956,
              6.522304939409929
            ],
            [
              9.40115979231609,
              6.15910902894076
            ],
            [
              9.592941771585537,
              5.767622146370785
            ],
            [
              9.731578258127358,
              5.354577752803999
            ],
            [
              9.814819960330253,
              4.927059740467043
            ],
            [
              9.841364308745392,
              4.492381334081617
            ],
            [
              9.81086722760434,
              4.0579618744151515
            ],
            [
              9.723940860894745,
              3.6312031855704863
            ],
            [
              9.582137925971217,
              3.219367101307935
            ],
            [
              9.387923150456837,
              2.829455655906636
            ],
            [
              9.144632038651897,
              2.4680954341144066
            ],
            [
              8.856417073692302,
              2.1414276122282305
            ],
            [
              8.528181438925252,
              1.855005287260531
            ],
            [
              8.1655004635409,
              1.613699755212736
            ],
            [
              7.774531266359155,
              1.421617431574814
            ],
            [
              7.361911465915913,
              1.2820290781717723
            ],
            [
              6.9346483006352,
              1.1973128879738855
            ],
            [
              6.500000000000001,
              1.1689127716770216
            ],
            [
              6.065351699364801,
              1.1973128879738855
            ],
            [
              5.638088534084089,
              1.2820290781717718
            ],
            [
              5.225468733640847,
              1.4216174315748136
            ],
            [
              4.834499536459103,
              1.6136997552127355
            ],
            [
              4.47181856107475,
              1.8550052872605305
            ],
            [
              4.1435829263077,
              2.141427612228229
            ],
            [
              3.8553679613481044,
              2.4680954341144057
            ],
            [
              3.612076849543165,
              2.8294556559066337
            ],
            [
              3.4178620740287826,
              3.219367101307935
            ],
            [
              3.276059139105256,
              3.6312031855704863
            ],
            [
              3.189132772395659,
              4.0579618744151515
            ],
            [
              3.1586356912546094,
              4.4923813340816166
            ],
            [
              3.1851800396697483,
              4.927059740467041
            ],
            [
              3.268421741872642,
              5.354577752803997
            ],
            [
              3.4070582284144635,
              5.767622146370783
            ],
            [
              3.5988402076839106,
              6.15910902894076
            ],
            [
              3.8405983128040417,
              6.522304939409926
            ],
            [
              4.128285485979606,
              6.850943959819625
            ],
            [
              4.4570358183919465,
              7.139338791172714
            ],
            [
              4.821240214873804,
              7.382483585044478
            ],
            [
              5.2146386997150005,
              7.576146226865297
            ],
            [
              5.630428457091386,
              7.716947770592115
            ],
            [
              6.061385872466107,
              7.802426857439964
            ],
            [
              6.5,
              7.8310872283229775
            ]
          ]
        ]
      }
    },
    {
      "type": "Feature",
      "properties": {
        "name": "Cameroon",
        "code": "CMR"
      },
      "geometry": {
        "type": "Polygon",
        "coordinates": [
          [
            [
              8.5,
              6.831087228322978
            ],
            [
              8.937634214963676,
              6.8024560918584545
            ],
            [
              9.367651825965668,
              6.717062677246597
            ],
            [
              9.782579634287844,
              6.57639729643807
            ],
            [
              10.175227222470415,
              6.382911871143902
            ],
            [
              10.538818561011121,
              6.139973093233827
            ],
            [
              10.86711264372081,
              5.851798873293435
            ],
            [
              11.154510663581364,
              5.523379901906382
            ],
            [
              11.396148037659621,
              5.1603884176342145
            ],
            [
              11.587970372066412,
              4.769076407215555
            ],
            [
              11.726793140153221,
              4.356165471590097
            ],
            [
              11.810345366317785,
              3.9287305041242195
            ],
            [
              11.837297931397245,
              3.4940791813351537
            ],
            [
              11.807277243041518,
              3.0596291001001825
            ],
            [
              11.720864973863115,
              2.6327842437383424
            ],
            [
              11.579584411855228,
              2.2208123489745017
            ],
            [
              11.385873755163118,
              1.8307246915236361
            ],
            [
              11.143046484059692,
              1.469159811700755
            ],
            [
              10.855238818468191,
              1.1422727522025589
            ],
            [
              10.527344267114318,
              0.855631456439501
            ],
            [
              10.164935421352853,
              0.6141220486037445
            ],
            [
              9.7741734453006,
              0.42186475419492814
            ],
            [
              9.361706141028705,
              0.28214219216962144
            ],
            [
              8.93455597728648,
              0.19734165429492617
            ],
            [
              8.5,
              0.16891277167702232
            ],
            [
              8.065444022713521,
              0.19734165429492617
            ],
            [
              7.638293858971296,
              0.28214219216962105
            ],
            [
              7.2258265546994025,
              0.42186475419492775
            ],
            [
              6.835064578647148,
              0.6141220486037441
            ],
            [
              6.472655732885683,
              0.8556314564395006
            ],
            [
              6.144761181531813,
              1.1422727522025573
            ],
            [
              5.856953515940311,
              1.469159811700754
            ],
            [
              5.614126244836885,
              1.8307246915236342
            ],
            [
              5.420415588144775,
              2.2208123489745017
            ],
            [
              5.279135026136886,
              2.6327842437383424
            ],
            [
              5.192722756958484,
              3.0596291001001825
            ],
            [
              5.162702068602757,
              3.4940791813351524
            ],
            [
              5.189654633682217,
              3.9287305041242178
            ],
            [
              5.273206859846779,
              4.356165471590096
            ],
            [
              5.412029627933589,
              4.769076407215553
            ],
            [
              5.60385196234038,
              5.1603884176342145
            ],
            [
              5.845489336418636,
              5.52337990190638
            ],
            [
              6.132887356279192,
              5.8517988732934345
            ],
            [
              6.46118143898888,
              6.1399730932338255
            ],
            [
              6.824772777529585,
              6.3829118711439
            ],
            [
              7.217420365712158,
              6.57639729643807
            ],
            [
              7.632348174034331,
              6.717062677246596
            ],
            [
              8.062365785036324,
              6.8024560918584545
            ],
            [
              8.5,
              6.831087228322978
            ]
          ]
        ]
      }
    },
    {
      "type": "Feature",
      "properties": {
        "name": "Equatorial Guinea",
        "code": "GNQ"
      },
      "geometry": {
        "type": "Polygon",
        "coordinates": [
          [
            [
              9.5,
              4.331087228322978
            ],
            [
              9.935781532562297,
              4.302528686560565
            ],
            [
              10.36403545568543,
              4.217348038984732
            ],
            [
              10.777371981421583,
              4.077020902960715
            ],
            [
              11.168673342946498,
              3.883975870227034
            ],
            [
              11.531221002879871,
              3.6415493144382696
            ],
            [
              11.858812970316311,
              3.353923966512311
            ],
            [
              12.14586894879666,
              3.0260529238719553
            ],
            [
              12.387521730315594,
              2.6635710100220065
            ],
            [
              12.579693927934017,
              2.272695527935031
            ],
            [
              12.719159725126048,
              1.860118467737911
            ],
            [
              12.803591757539483,
              1.4328921621515913
            ],
            [
              12.831593503428532,
              0.998310265750536
            ],
            [
              12.802717642874153,
              0.5637858022169708
            ],
            [
              12.71747078024305,
              0.13672790986039685
            ],
            [
              12.577304757682434,
              -0.2755811557035238
            ],
            [
              12.384594581772022,
              -0.6661072183243449
            ],
            [
              12.142602807092906,
              -1.0281819932519036
            ],
            [
              11.855430130819828,
              -1.3556158448435691
            ],
            [
              11.52795199925812,
              -1.6428037144689052
            ],
            [
              11.165741237412945,
              -1.8848223465479945
            ],
            [
              10.7749770873269,
              -2.0775168877751846
            ],
            [
              10.362341553805345,
              -2.2175749571245458
            ],
            [
              9.934904555971865,
              -2.3025864066811077
            ],
            [
              9.5,
              -2.3310872283229784
            ],
            [
              9.065095444028138,
              -2.3025864066811077
            ],
            [
              8.637658446194655,
              -2.2175749571245467
            ],
            [
              8.225022912673102,
              -2.0775168877751846
            ],
            [
              7.834258762587057,
              -1.8848223465479952
            ],
            [
              7.472048000741882,
              -1.6428037144689054
            ],
            [
              7.144569869180175,
              -1.3556158448435707
            ],
            [
              6.857397192907096,
              -1.0281819932519045
            ],
            [
              6.6154054182279785,
              -0.6661072183243472
            ],
            [
              6.422695242317567,
              -0.2755811557035238
            ],
            [
              6.2825292197569516,
              0.13672790986039685
            ],
            [
              6.197282357125848,
              0.5637858022169706
            ],
            [
              6.1684064965714684,
              0.9983102657505353
            ],
            [
              6.196408242460518,
              1.43289216215159
            ],
            [
              6.280840274873953,
              1.8601184677379095
            ],
            [
              6.420306072065984,
              2.2726955279350287
            ],
            [
              6.6124782696844076,
              2.6635710100220065
            ],
            [
              6.85413105120334,
              3.0260529238719527
            ],
            [
              7.141187029683691,
              3.35392396651231
            ],
            [
              7.46877899712013,
              3.6415493144382687
            ],
            [
              7.831326657053503,
              3.8839758702270326
            ],
            [
              8.222628018578419,
              4.077020902960716
            ],
            [
              8.635964544314568,
              4.217348038984731
            ],
            [
              9.064218467437705,
              4.302528686560565
            ],
            [
              9.5,
              4.331087228322978
            ]
          ]
        ]
      }
    },
    {
      "type": "Feature",
      "properties": {
        "name": "Sao Tome and Principe",
        "code": "STP"
      },
      "geometry": {
        "type": "Polygon",
        "coordinates": [
          [
            [
              6.6,
              3.5310872283229786
            ],
            [
              7.035366646014842,
              3.502551803082952
            ],
            [
              7.463230865276337,
              3.417438915343885
            ],
            [
              7.876226354837734,
              3.2772195251400222
            ],
            [
              8.267255561570716,
              3.084314826328209
            ],
            [
              8.629615554116377,
              2.842051571601552
            ],
            [
              8.957114333634115,
              2.554601317069162
            ],
            [
              9.244175371116713,
              2.226905203470856
            ],
            [
              9.485928820808434,
              1.8645861353122763
            ],
            [
              9.67828850504191,
              1.4738503445041373
            ],
            [
              9.818014321835408,
              1.061380344485832
            ],
            [
              9.902760138742773,
              0.6342212196423087
            ],
            [
              9.93110747686967,
              0.1996620860097267
            ],
            [
              9.90258535824367,
              -0.23488556215229553
            ],
            [
              9.817676614881968,
              -0.6620110075868414
            ],
            [
              9.67781078709578,
              -1.0744274138379966
            ],
            [
              9.485343533467015,
              -1.4650933274957383
            ],
            [
              9.24352230178629,
              -1.827330975748986
            ],
            [
              8.956437930599565,
              -2.1549396596252524
            ],
            [
              8.628961912876385,
              -2.4423024270187828
            ],
            [
              8.266669283652345,
              -2.6844841049743535
            ],
            [
              7.875747493071045,
              -2.877318712352973
            ],
            [
              7.462892167744529,
              -3.017484294506666
            ],
            [
              7.035191293604753,
              -3.102563345970556
            ],
            [
              6.6000000000000005,
              -3.1310872283229787
            ],
            [
              6.164808706395247,
              -3.102563345970556
            ],
            [
              5.737107832255471,
              -3.0174842945066667
            ],
            [
              5.324252506928954,
              -2.8773187123529733
            ],
            [
              4.933330716347656,
              -2.684484104974354
            ],
            [
              4.571038087123615,
              -2.442302427018783
            ],
            [
              4.243562069400435,
              -2.1549396596252532
            ],
            [
              3.9564776982137086,
              -1.8273309757489866
            ],
            [
              3.7146564665329866,
              -1.4650933274957403
            ],
            [
              3.5221892129042205,
              -1.0744274138379966
            ],
            [
              3.382323385118033,
              -0.6620110075868414
            ],
            [
              3.2974146417563315,
              -0.23488556215229564
            ],
            [
              3.2688925231303294,
              0.19966208600972588
            ],
            [
              3.297239861257228,
              0.6342212196423073
            ],
            [
              3.381985678164592,
              1.0613803444858307
            ],
            [
              3.521711494958088,
              1.473850344504135
            ],
            [
              3.714071179191565,
              1.8645861353122763
            ],
            [
              3.955824628883285,
              2.2269052034708534
            ],
            [
              4.242885666365885,
              2.554601317069161
            ],
            [
              4.570384445883622,
              2.842051571601551
            ],
            [
              4.932744438429282,
              3.0843148263282076
            ],
            [
              5.323773645162265,
              3.2772195251400227
            ],
            [
              5.73676913472366,
              3.417438915343884
            ],
            [
              6.164633353985157,
              3.502551803082952
            ],
            [
              6.6,
              3.5310872283229786
            ]
          ]
        ]
      }
    },
    {
      "type": "Feature",
      "properties": {
        "name": "Gabon",
        "code": "GAB"
      },
      "geometry": {
        "type": "Polygon",
        "coordinates": [
          [
            [
              9.5,
              2.3310872283229784
            ],
            [
              9.934904555971864,
              2.3025864066811077
            ],
            [
              10.362341553805345,
              2.2175749571245467
            ],
            [
              10.7749770873269,
              2.0775168877751846
            ],
            [
              11.165741237412945,
              1.8848223465479945
            ],
            [
              11.52795199925812,
              1.6428037144689054
            ],
            [
              11.855430130819828,
              1.3556158448435696
            ],
            [
              12.142602807092906,
              1.0281819932519036
            ],
            [
              12.384594581772022,
              0.6661072183243462
            ],
            [
              12.577304757682434,
              0.2755811557035248
            ],
            [
              12.71747078024305,
              -0.13672790986039654
            ],
            [
              12.802717642874153,
              -0.5637858022169704
            ],
            [
              12.831593503428532,
              -0.9983102657505356
            ],
            [
              12.803591757539483,
              -1.432892162151591
            ],
            [
              12.719159725126048,
              -1.8601184677379106
            ],
            [
              12.579693927934017,
              -2.2726955279350296
            ],
            [
              12.387521730315594,
              -2.6635710100220056
            ],
            [
              12.14586894879666,
              -3.0260529238719553
            ],
            [
              11.858812970316311,
              -3.35392396651231
            ],
            [
              11.531221002879871,
              -3.6415493144382687
            ],
            [
              11.168673342946498,
              -3.883975870227034
            ],
            [
              10.777371981421584,
              -4.077020902960715
            ],
            [
              10.36403545568543,
              -4.217348038984732
            ],
            [
              9.935781532562297,
              -4.302528686560565
            ],
            [
              9.5,
              -4.331087228322978
            ],
            [
              9.064218467437705,
              -4.302528686560565
            ],
            [
              8.635964544314572,
              -4.217348038984732
            ],
            [
              8.222628018578419,
              -4.077020902960716
            ],
            [
              7.831326657053505,
              -3.883975870227034
            ],
            [
              7.46877899712013,
              -3.6415493144382696
            ],
            [
              7.141187029683692,
              -3.353923966512312
            ],
            [
              6.854131051203343,
              -3.026052923871956
            ],
            [
              6.612478269684408,
              -2.663571010022008
            ],
            [
              6.420306072065985,
              -2.2726955279350296
            ],
            [
              6.280840274873953,
              -1.8601184677379106
            ],
            [
              6.196408242460519,
              -1.432892162151591
            ],
            [
              6.1684064965714684,
              -0.9983102657505365
            ],
            [
              6.197282357125848,
              -0.5637858022169718
            ],
            [
              6.282529219756951,
              -0.13672790986039796
            ],
            [
              6.422695242317566,
              0.27558115570352265
            ],
            [
              6.6154054182279785,
              0.6661072183243462
            ],
            [
              6.857397192907093,
              1.0281819932519007
            ],
            [
              7.144569869180173,
              1.3556158448435687
            ],
            [
              7.472048000741882,
              1.6428037144689047
            ],
            [
              7.834258762587056,
              1.8848223465479936
            ],
            [
              8.225022912673102,
              2.0775168877751846
            ],
            [
              8.637658446194653,
              2.2175749571245458
            ],
            [
              9.065095444028138,
              2.3025864066811077
            ],
            [
              9.5,
              2.3310872283229784
            ]
          ]
        ]
      }
    },
    {
      "type": "Feature",
      "properties": {
        "name": "Republic of the Congo",
        "code": "COG"
      },
      "geometry": {
        "type": "Polygon",
        "coordinates": [
          [
            [
              9.0,
              0.33108722832297827
            ],
            [
              9.434559462094269,
              0.3026439649367886
            ],
            [
              9.861701918947036,
              0.2178012624285609
            ],
            [
              10.274140082779523,
              0.07801161774238079
            ],
            [
              10.664843072732989,
              -0.11433311999511743
            ],
            [
              11.027157250089273,
              -0.3559443948489062
            ],
            [
              11.354918747591547,
              -0.642695069596885
            ],
            [
              11.64255573565841,
              -0.9696916029627348
            ],
            [
              11.885179014835172,
              -1.3313586306263878
            ],
            [
              12.078660050990123,
              -1.7215341850231458
            ],
            [
              12.219696013617753,
              -2.1335737622259945
            ],
            [
              12.305861691203106,
              -2.5604614846096405
            ],
            [
              12.335648317232145,
              -2.9949266853269774
            ],
            [
              12.308489348237877,
              -3.4295643226613306
            ],
            [
              12.224773118169004,
              -3.8569576897883926
            ],
            [
              12.085842098864648,
              -4.269801896518741
            ],
            [
              11.893978285961413,
              -4.6610265530751605
            ],
            [
              11.652374070150339,
              -5.023915983463491
            ],
            [
              11.365087908534994,
              -5.352225152089999
            ],
            [
              11.036984229789544,
              -5.640289328060489
            ],
            [
              10.673657317807326,
              -5.883125371491992
            ],
            [
              10.28133942109261,
              -6.076522443207479
            ],
            [
              9.866793997468266,
              -6.2171199492429245
            ],
            [
              9.437195764359261,
              -6.302470662354482
            ],
            [
              9.0,
              -6.331087228322979
            ],
            [
              8.562804235640739,
              -6.302470662354482
            ],
            [
              8.133206002531736,
              -6.217119949242925
            ],
            [
              7.71866057890739,
              -6.076522443207479
            ],
            [
              7.326342682192675,
              -5.883125371491992
            ],
            [
              6.963015770210456,
              -5.640289328060489
            ],
            [
              6.634912091465007,
              -5.35222515209
            ],
            [
              6.347625929849662,
              -5.023915983463491
            ],
            [
              6.1060217140385875,
              -4.661026553075163
            ],
            [
              5.9141579011353524,
              -4.269801896518741
            ],
            [
              5.775226881830996,
              -3.8569576897883926
            ],
            [
              5.691510651762123,
              -3.4295643226613306
            ],
            [
              5.664351682767856,
              -2.9949266853269783
            ],
            [
              5.694138308796894,
              -2.560461484609642
            ],
            [
              5.780303986382246,
              -2.133573762225996
            ],
            [
              5.921339949009877,
              -1.721534185023148
            ],
            [
              6.114820985164827,
              -1.3313586306263878
            ],
            [
              6.357444264341588,
              -0.9696916029627376
            ],
            [
              6.645081252408452,
              -0.6426950695968858
            ],
            [
              6.9728427499107255,
              -0.355944394848907
            ],
            [
              7.335156927267011,
              -0.11433311999511862
            ],
            [
              7.725859917220478,
              0.07801161774238119
            ],
            [
              8.13829808105296,
              0.21780126242856013
            ],
            [
              8.565440537905731,
              0.3026439649367886
            ],
            [
              9.0,
              0.33108722832297827
            ]
          ]
        ]
      }
    },
    {
      "type": "Feature",
      "properties": {
        "name": "Democratic Republic of the Congo",
        "code": "COD"
      },
      "geometry": {
        "type": "Polygon",
        "coordinates": [
          [
            [
              12.5,
              -1.6689127716770213
            ],
            [
              12.934744143955593,
              -1.697298498037456
            ],
            [
              13.362112646912825,
              -1.7819724923385982
            ],
            [
              13.774855861129213,
              -1.9214936993279477
            ],
            [
              14.165973372176962,
              -2.113488468853796
            ],
            [
              14.528831912271112,
              -2.3546919610373704
            ],
            [
              14.857275706293375,
              -2.6410046607559208
            ],
            [
              15.145727447991026,
              -2.9675626853404236
            ],
            [
              15.38927858507592,
              -3.3288203654920085
            ],
            [
              15.58376805094553,
              -3.7186434685275134
            ],
            [
              15.725848958839322,
              -4.1304114034631745
            ],
            [
              15.813043028376322,
              -4.557126776969047
            ],
            [
              15.843782623262522,
              -4.9915307290763895
            ],
            [
              15.817440245731035,
              -5.426222536912713
            ],
            [
              15.734345185239556,
              -5.853782005713802
            ],
            [
              15.595786803834374,
              -6.266893148148073
            ],
            [
              15.40400372049764,
              -6.658467575442945
            ],
            [
              15.16215800007107,
              -7.021765889526934
            ],
            [
              14.87429342410115,
              -7.350515190246871
            ],
            [
              14.545277073017399,
              -7.63902062348338
            ],
            [
              14.180723810564903,
              -7.882268731244647
            ],
            [
              13.786903831388951,
              -8.076020264063665
            ],
            [
              13.370634176317687,
              -8.216890117591419
            ],
            [
              12.939155970014955,
              -8.302412188845047
            ],
            [
              12.5,
              -8.331087228322978
            ],
            [
              12.060844029985047,
              -8.302412188845047
            ],
            [
              11.629365823682315,
              -8.216890117591419
            ],
            [
              11.21309616861105,
              -8.076020264063665
            ],
            [
              10.819276189435097,
              -7.882268731244647
            ],
            [
              10.454722926982601,
              -7.63902062348338
            ],
            [
              10.125706575898851,
              -7.350515190246872
            ],
            [
              9.83784199992893,
              -7.021765889526935
            ],
            [
              9.59599627950236,
              -6.6584675754429465
            ],
            [
              9.404213196165626,
              -6.266893148148073
            ],
            [
              9.265654814760445,
              -5.853782005713802
            ],
            [
              9.182559754268967,
              -5.426222536912713
            ],
            [
              9.156217376737478,
              -4.99153072907639
            ],
            [
              9.186956971623678,
              -4.557126776969048
            ],
            [
              9.274151041160676,
              -4.130411403463176
            ],
            [
              9.416231949054472,
              -3.7186434685275156
            ],
            [
              9.61072141492408,
              -3.3288203654920085
            ],
            [
              9.854272552008972,
              -2.9675626853404267
            ],
            [
              10.142724293706625,
              -2.641004660755921
            ],
            [
              10.471168087728886,
              -2.354691961037371
            ],
            [
              10.834026627823038,
              -2.113488468853797
            ],
            [
              11.225144138870789,
              -1.9214936993279472
            ],
            [
              11.637887353087175,
              -1.7819724923385984
            ],
            [
              12.065255856044407,
              -1.697298498037456
            ],
            [
              12.5,
              -1.6689127716770213
            ]
          ]
        ]
      }
    },
    {
      "type": "Feature",
      "properties": {
        "name": "Angola",
        "code": "AGO"
      },
      "geometry": {
        "type": "Polygon",
        "coordinates": [
          [
            [
              13.0,
              -6.668912771677021
            ],
            [
              13.437539029218746,
              -6.697153823585178
            ],
            [
              13.867767149697128,
              -6.781403505201328
            ],
            [
              14.283490909045298,
              -6.9202492436607095
            ],
            [
              14.677749651493922,
              -7.111362738706238
            ],
            [
              15.043926758135488,
              -7.351538339414985
            ],
            [
              15.37585504627417,
              -7.636745611473395
            ],
            [
              15.667914902197307,
              -7.962195043483118
            ],
            [
              15.915124058754737,
              -8.322415676424924
            ],
            [
              16.11321823467486,
              -8.711343348093168
            ],
            [
              16.258722078410226,
              -9.122418212804845
            ],
            [
              16.349009970315578,
              -9.548690205652997
            ],
            [
              16.382356216809143,
              -9.982931143741597
            ],
            [
              16.35797402489399,
              -10.417752166046768
            ],
            [
              16.276042404168123,
              -10.845725183179141
            ],
            [
              16.137719856403812,
              -11.259506919614436
            ],
            [
              15.945143446223508,
              -11.651963975713734
            ],
            [
              15.70141167511638,
              -12.016297120052494
            ],
            [
              15.41054957824729,
              -12.346162763457844
            ],
            [
              15.077454689177506,
              -12.635789297346724
            ],
            [
              14.70782300645018,
              -12.880085743400766
            ],
            [
              14.308054847117072,
              -13.0747400072752
            ],
            [
              13.885141443039458,
              -13.216304001870705
            ],
            [
              13.446534242017048,
              -13.302263041748745
            ],
            [
              13.0,
              -13.331087228322978
            ],
            [
              12.553465757982954,
              -13.302263041748745
            ],
            [
              12.114858556960545,
              -13.216304001870707
            ],
            [
              11.69194515288293,
              -13.074740007275201
            ],
            [
              11.292176993549823,
              -12.880085743400766
            ],
            [
              10.922545310822498,
              -12.635789297346724
            ],
            [
              10.589450421752714,
              -12.346162763457844
            ],
            [
              10.298588324883623,
              -12.016297120052496
            ],
            [
              10.054856553776494,
              -11.651963975713736
            ],
            [
              9.862280143596191,
              -11.259506919614436
            ],
            [
              9.723957595831878,
              -10.845725183179141
            ],
            [
              9.64202597510601,
              -10.417752166046768
            ],
            [
              9.61764378319086,
              -9.982931143741597
            ],
            [
              9.650990029684422,
              -9.548690205653
            ],
            [
              9.741277921589777,
              -9.122418212804847
            ],
            [
              9.886781765325138,
              -8.71134334809317
            ],
            [
              10.084875941245265,
              -8.322415676424924
            ],
            [
              10.332085097802695,
              -7.962195043483121
            ],
            [
              10.62414495372583,
              -7.636745611473396
            ],
            [
              10.956073241864512,
              -7.3515383394149865
            ],
            [
              11.322250348506076,
              -7.111362738706239
            ],
            [
              11.716509090954704,
              -6.920249243660709
            ],
            [
              12.13223285030287,
              -6.781403505201329
            ],
            [
              12.562460970781254,
              -6.697153823585178
            ],
            [
              13.0,
              -6.668912771677021
            ]
          ]
        ]
      }
    },
    {
      "type": "Feature",
      "properties": {
        "name": "Namibia",
        "code": "NAM"
      },
      "geometry": {
        "type": "Polygon",
        "coordinates": [
          [
            [
              14.500000000000002,
              -17.66891277167702
            ],
            [
              14.956139079508032,
              -17.696821502251268
            ],
            [
              15.404922159859378,
              -17.78009597273614
            ],
            [
              15.839094510641711,
              -17.917387489164376
            ],
            [
              16.251603067923647,
              -18.106469701496874
            ],
            [
              16.63569514804713,
              -18.344270498256655
            ],
            [
              16.98501476579783,
              -18.626916058707895
            ],
            [
              17.293695962064486,
              -18.94978652705448
            ],
            [
              17.556452641963485,
              -19.307582699170403
            ],
            [
              17.768664459505093,
              -19.69440307607013
            ],
            [
              17.926458222288048,
              -20.103830627743367
            ],
            [
              18.02678410205951,
              -20.529028606651995
            ],
            [
              18.0674856128693,
              -20.962844727246893
            ],
            [
              18.047361868153356,
              -21.39792295920739
            ],
            [
              17.966220087217046,
              -21.826822042460925
            ],
            [
              17.824915753331027,
              -22.24213960259835
            ],
            [
              17.62537731836946,
              -22.63664041851966
            ],
            [
              17.37061200953435,
              -23.003386978067784
            ],
            [
              17.064689235354336,
              -23.335869978649328
            ],
            [
              16.71269841232473,
              -23.62813593425547
            ],
            [
              16.320678808457867,
              -23.874908600369366
            ],
            [
              15.895520238591214,
              -24.071700596633963
            ],
            [
              15.444835089424727,
              -24.214911466505548
            ],
            [
              14.976804062917713,
              -24.30190852339454
            ],
            [
              14.500000000000002,
              -24.33108722832298
            ],
            [
              14.02319593708229,
              -24.30190852339454
            ],
            [
              13.55516491057528,
              -24.214911466505548
            ],
            [
              13.104479761408792,
              -24.071700596633963
            ],
            [
              12.679321191542137,
              -23.874908600369366
            ],
            [
              12.287301587675273,
              -23.62813593425547
            ],
            [
              11.935310764645667,
              -23.33586997864933
            ],
            [
              11.629387990465652,
              -23.003386978067784
            ],
            [
              11.374622681630546,
              -22.63664041851967
            ],
            [
              11.175084246668977,
              -22.24213960259835
            ],
            [
              11.033779912782956,
              -21.826822042460925
            ],
            [
              10.952638131846646,
              -21.39792295920739
            ],
            [
              10.932514387130702,
              -20.962844727246893
            ],
            [
              10.973215897940493,
              -20.529028606652
            ],
            [
              11.073541777711956,
              -20.103830627743367
            ],
            [
              11.231335540494909,
              -19.694403076070135
            ],
            [
              11.443547358036517,
              -19.307582699170403
            ],
            [
              11.706304037935515,
              -18.949786527054485
            ],
            [
              12.014985234202175,
              -18.626916058707895
            ],
            [
              12.364304851952873,
              -18.344270498256655
            ],
            [
              12.748396932076355,
              -18.106469701496874
            ],
            [
              13.16090548935829,
              -17.917387489164376
            ],
            [
              13.595077840140622,
              -17.78009597273614
            ],
            [
              14.043860920491971,
              -17.696821502251268
            ],
            [
              14.500000000000002,
              -17.66891277167702
            ]
          ]
        ]
      }
    },
    {
      "type": "Feature",
      "properties": {
        "name": "South Africa",
        "code": "ZAF"
      },
      "geometry": {
        "type": "Polygon",
        "coordinates": [
          [
            [
              24.000000000000004,
              -29.668912771677025
            ],
            [
              24.500257252339544,
              -29.696407488631625
            ],
            [
              24.99280392950184,
              -29.778465956903048
            ],
            [
              25.47001406219998,
              -29.913816085737732
            ],
            [
              25.924431313950997,
              -30.100354229282743
            ],
            [
              26.348854866598536,
              -30.33516988734256
            ],
            [
              26.736426621333585,
              -30.614580191001643
            ],
            [
              27.080720167710496,
              -30.93417411830028
            ],
            [
              27.375831908483796,
              -31.288866416798186
            ],
            [
              27.61647456020197,
              -31.67296125920226
            ],
            [
              27.79807293438996,
              -32.080225711394014
            ],
            [
              27.916861403717533,
              -32.5039731273257
            ],
            [
              27.969981748232854,
              -32.93715657360267
            ],
            [
              27.955579159740253,
              -33.372472294828874
            ],
            [
              27.872893094536295,
              -33.80247302501748
            ],
            [
              27.72233848819234,
              -34.21969060154917
            ],
            [
              27.50557171420457,
              -34.616766829263995
            ],
            [
              27.225534763307532,
              -34.98659087613082
            ],
            [
              26.88647065867603,
              -35.32244068864081
            ],
            [
              26.493903325570034,
              -35.61812505686298
            ],
            [
              26.054576184147113,
              -35.86812213034473
            ],
            [
              25.5763457202963,
              -36.067709505988816
            ],
            [
              25.06802915748058,
              -36.213080606335325
            ],
            [
              24.539208875093788,
              -36.301442056683825
            ],
            [
              24.000000000000004,
              -36.33108722832298
            ],
            [
              23.460791124906216,
              -36.301442056683825
            ],
            [
              22.931970842519423,
              -36.213080606335325
            ],
            [
              22.423654279703705,
              -36.067709505988816
            ],
            [
              21.945423815852894,
              -35.86812213034473
            ],
            [
              21.506096674429973,
              -35.61812505686298
            ],
            [
              21.11352934132398,
              -35.32244068864081
            ],
            [
              20.774465236692475,
              -34.98659087613082
            ],
            [
              20.494428285795433,
              -34.616766829263995
            ],
            [
              20.277661511807665,
              -34.21969060154917
            ],
            [
              20.12710690546371,
              -33.80247302501748
            ],
            [
              20.04442084025975,
              -33.372472294828874
            ],
            [
              20.03001825176715,
              -32.93715657360267
            ],
            [
              20.08313859628247,
              -32.50397312732571
            ],
            [
              20.201927065610047,
              -32.080225711394014
            ],
            [
              20.383525439798035,
              -31.67296125920226
            ],
            [
              20.624168091516207,
              -31.288866416798186
            ],
            [
              20.919279832289504,
              -30.93417411830028
            ],
            [
              21.26357337866642,
              -30.614580191001643
            ],
            [
              21.651145133401464,
              -30.33516988734256
            ],
            [
              22.075568686049003,
              -30.100354229282743
            ],
            [
              22.529985937800024,
              -29.913816085737732
            ],
            [
              23.007196070498164,
              -29.778465956903048
            ],
            [
              23.49974274766046,
              -29.696407488631625
            ],
            [
              24.000000000000004,
              -29.668912771677025
            ]
          ]
        ]
      }
    },
    {
      "type": "Feature",
      "properties": {
        "name": "Mozambique",
        "code": "MOZ"
      },
      "geometry": {
        "type": "Polygon",
        "coordinates": [
          [
            [
              38.0,
              -14.668912771677022
            ],
            [
              38.44925259592563,
              -14.696915093052084
            ],
            [
              38.8911869471756,
              -14.780464287157365
            ],
            [
              39.31859025954276,
              -14.918193886802504
            ],
            [
              39.72445944250323,
              -15.107849142280903
            ],
            [
              40.102103042603574,
              -15.34632067602064
            ],
            [
              40.44523986778549,
              -15.629690856109974
            ],
            [
              40.74809347577451,
              -15.953292220262398
            ],
            [
              41.00548185226242,
              -16.31177718263714
            ],
            [
              41.212901705497,
              -16.699198202303013
            ],
            [
              41.36660681463608,
              -17.10909757245767
            ],
            [
              41.46367976170753,
              -17.53460598445401
            ],
            [
              41.50209613955757,
              -17.968549005504034
            ],
            [
              41.48077997039016,
              -18.40356055686794
            ],
            [
              41.399648625352604,
              -18.83220236572084
            ],
            [
              41.259645063822624,
              -19.247088170630054
            ],
            [
              41.06275479215551,
              -19.6410111805817
            ],
            [
              40.81200467099607,
              -20.007072928418495
            ],
            [
              40.511440676371635,
              -20.338811246128714
            ],
            [
              40.166082028597344,
              -20.630324663599154
            ],
            [
              39.78184979957692,
              -20.87639015054216
            ],
            [
              39.36546919973745,
              -21.072570847916285
            ],
            [
              38.92434617539734,
              -21.215310333971374
            ],
            [
              38.46642059570511,
              -21.30201009276528
            ],
            [
              38.0,
              -21.33108722832298
            ],
            [
              37.5335794042949,
              -21.30201009276528
            ],
            [
              37.07565382460266,
              -21.215310333971377
            ],
            [
              36.63453080026256,
              -21.072570847916285
            ],
            [
              36.21815020042308,
              -20.87639015054216
            ],
            [
              35.83391797140266,
              -20.630324663599154
            ],
            [
              35.48855932362837,
              -20.338811246128714
            ],
            [
              35.18799532900395,
              -20.0070729284185
            ],
            [
              34.9372452078445,
              -19.6410111805817
            ],
            [
              34.74035493617738,
              -19.247088170630054
            ],
            [
              34.6003513746474,
              -18.83220236572084
            ],
            [
              34.51922002960985,
              -18.40356055686794
            ],
            [
              34.49790386044243,
              -17.968549005504034
            ],
            [
              34.536320238292475,
              -17.534605984454014
            ],
            [
              34.63339318536393,
              -17.109097572457674
            ],
            [
              34.787098294503004,
              -16.699198202303016
            ],
            [
              34.99451814773759,
              -16.31177718263714
            ],
            [
              35.25190652422549,
              -15.953292220262398
            ],
            [
              35.55476013221451,
              -15.629690856109974
            ],
            [
              35.89789695739643,
              -15.34632067602064
            ],
            [
              36.27554055749677,
              -15.107849142280903
            ],
            [
              36.68140974045725,
              -14.918193886802504
            ],
            [
              37.1088130528244,
              -14.780464287157368
            ],
            [
              37.55074740407438,
              -14.696915093052084
            ],
            [
              38.0,
              -14.668912771677022
            ]
          ]
        ]
      }
    },
    {
      "type": "Feature",
      "properties": {
        "name": "Tanzania",
        "code": "TZA"
      },
      "geometry": {
        "type": "Polygon",
        "coordinates": [
          [
            [
              40.5,
              -2.668912771677022
            ],
            [
              40.93503537654007,
              -2.697269693631592
            ],
            [
              41.362712429367896,
              -2.7818592198177368
            ],
            [
              41.7757970375747,
              -2.9212459985092685
            ],
            [
              42.16730086537189,
              -3.113065455465504
            ],
            [
              42.530597872749674,
              -3.3540645859242484
            ],
            [
              42.85953361675242,
              -3.640157671408388
            ],
            [
              43.14852561715047,
              -3.966495659950476
            ],
            [
              43.39265351062028,
              -4.327547752284647
            ],
            [
              43.58773814400557,
              -4.717193629020265
            ],
            [
              43.730409103559694,
              -5.1288247232332544
            ],
            [
              43.81816040199879,
              -5.555452967575258
            ],
            [
              43.84939412850666,
              -5.989825496720471
            ],
            [
              43.82345181230792,
              -6.4245438345976265
            ],
            [
              43.74063308559142,
              -6.852186114002408
            ],
            [
              43.60220100443796,
              -7.265430843571998
            ],
            [
              43.41037315963436,
              -7.657180644034088
            ],
            [
              43.16829755211372,
              -8.020684225220457
            ],
            [
              42.88001218658624,
              -8.349654684071906
            ],
            [
              42.55038750479161,
              -8.638382000454047
            ],
            [
              42.185051166642864,
              -8.88183742978532
            ],
            [
              41.79029529221218,
              -9.075767381084411
            ],
            [
              41.37296706370425,
              -9.216774365756336
            ],
            [
              40.94034448397563,
              -9.302382737040414
            ],
            [
              40.5,
              -9.33108722832298
            ],
            [
              40.05965551602437,
              -9.302382737040414
            ],
            [
              39.62703293629575,
              -9.216774365756338
            ],
            [
              39.20970470778782,
              -9.075767381084411
            ],
            [
              38.814948833357136,
              -8.881837429785321
            ],
            [
              38.44961249520839,
              -8.638382000454047
            ],
            [
              38.11998781341376,
              -8.349654684071908
            ],
            [
              37.83170244788628,
              -8.020684225220457
            ],
            [
              37.58962684036564,
              -7.657180644034089
            ],
            [
              37.39779899556204,
              -7.265430843571998
            ],
            [
              37.25936691440858,
              -6.852186114002408
            ],
            [
              37.17654818769208,
              -6.4245438345976265
            ],
            [
              37.15060587149334,
              -5.989825496720472
            ],
            [
              37.18183959800121,
              -5.55545296757526
            ],
            [
              37.269590896440306,
              -5.128824723233256
            ],
            [
              37.41226185599443,
              -4.717193629020268
            ],
            [
              37.60734648937972,
              -4.327547752284647
            ],
            [
              37.85147438284953,
              -3.9664956599504793
            ],
            [
              38.14046638324758,
              -3.640157671408388
            ],
            [
              38.469402127250326,
              -3.3540645859242493
            ],
            [
              38.83269913462811,
              -3.113065455465505
            ],
            [
              39.22420296242531,
              -2.921245998509268
            ],
            [
              39.6372875706321,
              -2.7818592198177376
            ],
            [
              40.06496462345993,
              -2.697269693631592
            ],
            [
              40.5,
              -2.668912771677022
            ]
          ]
        ]
      }
    },
    {
      "type": "Feature",
      "properties": {
        "name": "Kenya",
        "code": "KEN"
      },
      "geometry": {
        "type": "Polygon",
        "coordinates": [
          [
            [
              41.0,
              1.8310872283229784
            ],
            [
              41.434768556196175,
              1.8026008059098741
            ],
            [
              41.86208306982744,
              1.7176315692508672
            ],
            [
              42.27462214563584,
              1.5776406406103682
            ],
            [
              42.665326439742714,
              1.385033581396485
            ],
            [
              43.027521796946594,
              1.1431168029645191
            ],
            [
              43.35503350592296,
              0.8560382171161095
            ],
            [
              43.642289596882925,
              0.5287136417205447
            ],
            [
              43.88441170506131,
              0.16674070800577032
            ],
            [
              44.07729260461538,
              -0.22369786275970915
            ],
            [
              44.21766001281541,
              -0.6359397217612295
            ],
            [
              44.30312662362954,
              -1.0629552524864265
            ],
            [
              44.33222652735437,
              -1.4974650776449772
            ],
            [
              44.30443821019096,
              -1.9320610628784798
            ],
            [
              44.220194231474686,
              -2.3593292450676757
            ],
            [
              44.0808774942865,
              -2.771973146417961
            ],
            [
              43.88880381875171,
              -3.16293591224812
            ],
            [
              43.64719036291072,
              -3.5255196313117465
            ],
            [
              43.36010937583637,
              -3.8535000761902154
            ],
            [
              43.03242686048444,
              -4.141234962727421
            ],
            [
              42.66972599694278,
              -4.383763704585253
            ],
            [
              42.27821563033776,
              -4.57689656814841
            ],
            [
              41.86462473200708,
              -4.717291148423953
            ],
            [
              41.43608444027836,
              -4.8025142146273465
            ],
            [
              41.0,
              -4.831087228322978
            ],
            [
              40.56391555972165,
              -4.8025142146273465
            ],
            [
              40.13537526799293,
              -4.717291148423953
            ],
            [
              39.721784369662245,
              -4.57689656814841
            ],
            [
              39.33027400305723,
              -4.383763704585254
            ],
            [
              38.96757313951556,
              -4.141234962727421
            ],
            [
              38.639890624163634,
              -3.853500076190217
            ],
            [
              38.35280963708928,
              -3.5255196313117474
            ],
            [
              38.11119618124829,
              -3.1629359122481224
            ],
            [
              37.9191225057135,
              -2.771973146417961
            ],
            [
              37.77980576852532,
              -2.3593292450676757
            ],
            [
              37.69556178980904,
              -1.9320610628784798
            ],
            [
              37.66777347264563,
              -1.4974650776449778
            ],
            [
              37.69687337637046,
              -1.062955252486428
            ],
            [
              37.78233998718459,
              -0.6359397217612309
            ],
            [
              37.92270739538463,
              -0.22369786275971135
            ],
            [
              38.115588294938696,
              0.16674070800577032
            ],
            [
              38.357710403117075,
              0.5287136417205419
            ],
            [
              38.64496649407704,
              0.8560382171161087
            ],
            [
              38.972478203053406,
              1.1431168029645187
            ],
            [
              39.334673560257286,
              1.3850335813964836
            ],
            [
              39.72537785436416,
              1.5776406406103687
            ],
            [
              40.13791693017256,
              1.7176315692508664
            ],
            [
              40.56523144380382,
              1.8026008059098741
            ],
            [
              41.0,
              1.8310872283229784
            ]
          ]
        ]
      }
    },
    {
      "type": "Feature",
      "properties": {
        "name": "Somalia",
        "code": "SOM"
      },
      "geometry": {
        "type": "Polygon",
        "coordinates": [
          [
            [
              47.0,
              6.331087228322979
            ],
            [
              47.43719576435927,
              6.302470662354482
            ],
            [
              47.866793997468264,
              6.217119949242925
            ],
            [
              48.28133942109261,
              6.076522443207479
            ],
            [
              48.673657317807326,
              5.883125371491992
            ],
            [
              49.036984229789546,
              5.640289328060489
            ],
            [
              49.365087908534996,
              5.35222515209
            ],
            [
              49.65237407015034,
              5.023915983463491
            ],
            [
              49.89397828596142,
              4.661026553075162
            ],
            [
              50.08584209886465,
              4.269801896518742
            ],
            [
              50.224773118169004,
              3.8569576897883926
            ],
            [
              50.308489348237885,
              3.429564322661331
            ],
            [
              50.33564831723215,
              2.994926685326978
            ],
            [
              50.305861691203106,
              2.5604614846096405
            ],
            [
              50.21969601361776,
              2.1335737622259945
            ],
            [
              50.07866005099013,
              1.7215341850231471
            ],
            [
              49.885179014835174,
              1.331358630626389
            ],
            [
              49.64255573565841,
              0.9696916029627348
            ],
            [
              49.35491874759155,
              0.6426950695968855
            ],
            [
              49.027157250089274,
              0.3559443948489066
            ],
            [
              48.66484307273299,
              0.11433311999511743
            ],
            [
              48.274140082779525,
              -0.07801161774238079
            ],
            [
              47.861701918947034,
              -0.21780126242856052
            ],
            [
              47.43455946209427,
              -0.3026439649367886
            ],
            [
              47.0,
              -0.33108722832297827
            ],
            [
              46.56544053790573,
              -0.3026439649367886
            ],
            [
              46.138298081052966,
              -0.2178012624285609
            ],
            [
              45.72585991722048,
              -0.07801161774238119
            ],
            [
              45.335156927267015,
              0.11433311999511743
            ],
            [
              44.97284274991073,
              0.3559443948489062
            ],
            [
              44.64508125240845,
              0.6426950695968843
            ],
            [
              44.357444264341595,
              0.969691602962734
            ],
            [
              44.11482098516483,
              1.3313586306263867
            ],
            [
              43.92133994900988,
              1.7215341850231471
            ],
            [
              43.78030398638225,
              2.1335737622259945
            ],
            [
              43.6941383087969,
              2.5604614846096405
            ],
            [
              43.66435168276786,
              2.994926685326977
            ],
            [
              43.69151065176212,
              3.4295643226613297
            ],
            [
              43.775226881831,
              3.8569576897883913
            ],
            [
              43.914157901135354,
              4.26980189651874
            ],
            [
              44.10602171403859,
              4.661026553075162
            ],
            [
              44.34762592984966,
              5.023915983463488
            ],
            [
              44.63491209146501,
              5.352225152089999
            ],
            [
              44.96301577021046,
              5.640289328060489
            ],
            [
              45.326342682192674,
              5.8831253714919916
            ],
            [
              45.7186605789074,
              6.076522443207479
            ],
            [
              46.133206002531736,
              6.2171199492429245
            ],
            [
              46.56280423564074,
              6.302470662354482
            ],
            [
              47.0,
              6.331087228322979
            ]
          ]
        ]
      }
    },
    {
      "type": "Feature",
      "properties": {
        "name": "Djibouti",
        "code": "DJI"
      },
      "geometry": {
        "type": "Polygon",
        "coordinates": [
          [
            [
              43.0,
              14.831087228322977
            ],
            [
              43.44947002637736,
              14.802217193824236
            ],
            [
              43.890923518482204,
              14.716123861603938
            ],
            [
              44.31650870642994,
              14.574346641009743
            ],
            [
              44.71869775809351,
              14.37941527790525
            ],
            [
              45.09043521268979,
              14.134797354080566
            ],
            [
              45.425271347881285,
              13.844827464815358
            ],
            [
              45.7174772428247,
              13.51462047076312
            ],
            [
              45.962139513966726,
              13.149971549383263
            ],
            [
              46.15523389415873,
              12.757245906508237
            ],
            [
              46.29367787235263,
              12.343260970489126
            ],
            [
              46.37536342073212,
              11.91516371812406
            ],
            [
              46.39917136354877,
              11.480305521941862
            ],
            [
              46.36496918684103,
              11.046116612999741
            ],
            [
              46.27359408788127,
              10.619981967293379
            ],
            [
              46.12682288108098,
              10.209120181405503
            ],
            [
              45.92733008987932,
              9.820466724419022
            ],
            [
              45.6786352394534,
              9.460562844007372
            ],
            [
              45.38504009117802,
              9.135451357207076
            ],
            [
              45.051556378003866,
              8.850580552295572
            ],
            [
              44.683824540252964,
              8.610717442269562
            ],
            [
              44.288024030600276,
              8.41987161500417
            ],
            [
              43.87077594013503,
              8.281230894510088
            ],
            [
              43.439038961048986,
              8.197109941815603
            ],
            [
              43.0,
              8.168912771677023
            ],
            [
              42.56096103895102,
              8.197109941815603
            ],
            [
              42.129224059864974,
              8.281230894510088
            ],
            [
              41.71197596939973,
              8.41987161500417
            ],
            [
              41.31617545974705,
              8.610717442269562
            ],
            [
              40.94844362199615,
              8.850580552295572
            ],
            [
              40.61495990882199,
              9.135451357207074
            ],
            [
              40.32136476054661,
              9.46056284400737
            ],
            [
              40.07266991012069,
              9.82046672441902
            ],
            [
              39.873177118919024,
              10.209120181405503
            ],
            [
              39.726405912118736,
              10.619981967293379
            ],
            [
              39.63503081315898,
              11.046116612999741
            ],
            [
              39.60082863645124,
              11.480305521941862
            ],
            [
              39.624636579267886,
              11.915163718124058
            ],
            [
              39.70632212764737,
              12.343260970489125
            ],
            [
              39.84476610584127,
              12.757245906508233
            ],
            [
              40.03786048603328,
              13.149971549383263
            ],
            [
              40.28252275717531,
              13.514620470763118
            ],
            [
              40.57472865211872,
              13.844827464815356
            ],
            [
              40.90956478731022,
              14.134797354080566
            ],
            [
              41.281302241906495,
              14.37941527790525
            ],
            [
              41.683491293570064,
              14.574346641009743
            ],
            [
              42.1090764815178,
              14.716123861603938
            ],
            [
              42.550529973622645,
              14.802217193824236
            ],
            [
              43.0,
              14.831087228322977
            ]
          ]
        ]
      }
    },
    {
      "type": "Feature",
      "properties": {
        "name": "Eritrea",
        "code": "ERI"
      },
      "geometry": {
        "type": "Polygon",
        "coordinates": [
          [
            [
              39.0,
              19.331087228322975
            ],
            [
              39.46043545826207,
              19.302075497720644
            ],
            [
              39.91253999585314,
              19.21556722196813
            ],
            [
              40.348162541834064,
              19.0731314703161
            ],
            [
              40.75950501480482,
              18.877344909280875
            ],
            [
              41.139282604519686,
              18.63173576625572
            ],
            [
              41.480866089030826,
              18.340708494675177
            ],
            [
              41.77840245720513,
              18.00945191374392
            ],
            [
              42.02691163417621,
              17.64383395712876
            ],
            [
              42.22235860099578,
              17.250286293490753
            ],
            [
              42.361701501027824,
              16.835682002913224
            ],
            [
              42.44291732450802,
              16.407209254177005
            ],
            [
              42.46500740694677,
              15.972243586933557
            ],
            [
              42.427985270073954,
              15.538221019946997
            ],
            [
              42.33284932402337,
              15.112513834298136
            ],
            [
              42.18154271400468,
              14.702310558216418
            ],
            [
              41.97690222431593,
              14.314501431429296
            ],
            [
              41.72259773608648,
              13.955570458767015
            ],
            [
              41.42306334871434,
              13.631495068149013
            ],
            [
              41.083420974694185,
              13.347654349078368
            ],
            [
              40.709397036084574,
              13.10874683981238
            ],
            [
              40.30723283718802,
              12.91871882766547
            ],
            [
              39.88358924974748,
              12.780704102581183
            ],
            [
              39.44544649487992,
              12.69697603979132
            ],
            [
              39.0,
              12.668912771677022
            ],
            [
              38.554553505120076,
              12.69697603979132
            ],
            [
              38.11641075025252,
              12.780704102581183
            ],
            [
              37.69276716281198,
              12.91871882766547
            ],
            [
              37.29060296391542,
              13.10874683981238
            ],
            [
              36.916579025305815,
              13.347654349078368
            ],
            [
              36.57693665128566,
              13.631495068149013
            ],
            [
              36.277402263913515,
              13.955570458767015
            ],
            [
              36.02309777568407,
              14.314501431429294
            ],
            [
              35.818457285995315,
              14.702310558216418
            ],
            [
              35.66715067597662,
              15.112513834298136
            ],
            [
              35.57201472992604,
              15.538221019946997
            ],
            [
              35.534992593053225,
              15.972243586933557
            ],
            [
              35.557082675491976,
              16.407209254177005
            ],
            [
              35.63829849897217,
              16.835682002913224
            ],
            [
              35.77764139900421,
              17.25028629349075
            ],
            [
              35.973088365823784,
              17.64383395712876
            ],
            [
              36.22159754279487,
              18.009451913743916
            ],
            [
              36.51913391096917,
              18.340708494675177
            ],
            [
              36.86071739548031,
              18.63173576625572
            ],
            [
              37.24049498519517,
              18.87734490928087
            ],
            [
              37.65183745816593,
              19.0731314703161
            ],
            [
              38.087460004146855,
              19.21556722196813
            ],
            [
              38.539564541737924,
              19.302075497720644
            ],
            [
              39.0,
              19.331087228322975
            ]
          ]
        ]
      }
    },
    {
      "type": "Feature",
      "properties": {
        "name": "Sudan",
        "code": "SDN"
      },
      "geometry": {
        "type": "Polygon",
        "coordinates": [
          [
            [
              37.0,
              23.33108722832298
            ],
            [
              37.47314740183392,
              23.30194288208569
            ],
            [
              37.93761893509645,
              23.215046386188483
            ],
            [
              38.38493450270007,
              23.071994934927954
            ],
            [
              38.80699763742906,
              22.87540962302047
            ],
            [
              39.19626823148547,
              22.62887597689864
            ],
            [
              39.545914212116706,
              22.33686425991452
            ],
            [
              39.849937936053564,
              22.004632703819297
            ],
            [
              40.10327494971786,
              21.638117207790227
            ],
            [
              40.30186458094817,
              21.2438111612512
            ],
            [
              40.44269339687199,
              20.828638920089013
            ],
            [
              40.523813750369726,
              20.39982615463503
            ],
            [
              40.54434038642076,
              19.964769861456535
            ],
            [
              40.50442839992528,
              19.530910359421835
            ],
            [
              40.40523579172665,
              19.105607134028414
            ],
            [
              40.24887355538936,
              18.696019997142226
            ],
            [
              40.038345751710075,
              18.30899671809933
            ],
            [
              39.777481493747324,
              17.950968064529906
            ],
            [
              39.470860257961824,
              17.627851059951574
            ],
            [
              39.123731518430354,
              17.344961201642004
            ],
            [
              38.7419294062458,
              17.10693436152768
            ],
            [
              38.331782935206164,
              16.91765908788164
            ],
            [
              37.900022296338264,
              16.780220011722232
            ],
            [
              37.45368178020325,
              16.696853019553057
            ],
            [
              37.0,
              16.668912771677025
            ],
            [
              36.54631821979675,
              16.696853019553057
            ],
            [
              36.099977703661736,
              16.780220011722232
            ],
            [
              35.668217064793836,
              16.91765908788164
            ],
            [
              35.258070593754205,
              17.106934361527678
            ],
            [
              34.876268481569646,
              17.344961201642004
            ],
            [
              34.529139742038176,
              17.62785105995157
            ],
            [
              34.222518506252676,
              17.950968064529906
            ],
            [
              33.961654248289925,
              18.30899671809933
            ],
            [
              33.75112644461064,
              18.696019997142226
            ],
            [
              33.59476420827335,
              19.105607134028414
            ],
            [
              33.49557160007472,
              19.530910359421835
            ],
            [
              33.45565961357925,
              19.964769861456535
            ],
            [
              33.476186249630274,
              20.39982615463503
            ],
            [
              33.55730660312801,
              20.828638920089013
            ],
            [
              33.69813541905183,
              21.2438111612512
            ],
            [
              33.89672505028214,
              21.638117207790227
            ],
            [
              34.15006206394643,
              22.004632703819293
            ],
            [
              34.4540857878833,
              22.33686425991452
            ],
            [
              34.80373176851453,
              22.628875976898637
            ],
            [
              35.19300236257093,
              22.87540962302047
            ],
            [
              35.61506549729994,
              23.071994934927954
            ],
            [
              36.062381064903555,
              23.215046386188483
            ],
            [
              36.52685259816609,
              23.30194288208569
            ],
            [
              37.0,
              23.33108722832298
            ]
          ]
        ]
      }
    },
    {
      "type": "Feature",
      "properties": {
        "name": "Saudi Arabia",
        "code": "SAU"
      },
      "geometry": {
        "type": "Polygon",
        "coordinates": [
          [
            [
              40.0,
              25.331087228322975
            ],
            [
              40.480665231765684,
              25.30187361878198
            ],
            [
              40.95245549361864,
              25.214774411948827
            ],
            [
              41.40670063509573,
              25.071401632643028
            ],
            [
              41.835131536186736,
              24.874399777748998
            ],
            [
              42.23005988023576,
              24.627384506786456
            ],
            [
              42.58453509847758,
              24.334860616920047
            ],
            [
              42.89247398492441,
              24.002122663458074
            ],
            [
              43.14876055850085,
              23.635141988919706
            ],
            [
              43.34931575671318,
              23.240444028720958
            ],
            [
              43.49113826582828,
              22.82497960595427
            ],
            [
              43.57231908341726,
              22.395993574695474
            ],
            [
              43.592033209957755,
              21.960893696753956
            ],
            [
              43.55051219283315,
              21.527122116392352
            ],
            [
              43.44900117201786,
              21.102031295970804
            ],
            [
              43.28970370961809,
              20.692765839916785
            ],
            [
              43.075717144026875,
              20.306151292077026
            ],
            [
              42.81096060507794,
              19.948590750439916
            ],
            [
              42.50009725052775,
              19.62596999560165
            ],
            [
              42.14845180109245,
              19.34357175600406
            ],
            [
              41.761924097502956,
              19.105999708295535
            ],
            [
              41.3468991888162,
              18.917112807837206
            ],
            [
              40.910154375007664,
              18.779970537399628
            ],
            [
              40.45876364129398,
              18.696789631914143
            ],
            [
              40.0,
              18.66891277167702
            ],
            [
              39.54123635870602,
              18.696789631914143
            ],
            [
              39.089845624992336,
              18.779970537399628
            ],
            [
              38.6531008111838,
              18.917112807837206
            ],
            [
              38.238075902497044,
              19.105999708295535
            ],
            [
              37.85154819890755,
              19.34357175600406
            ],
            [
              37.49990274947224,
              19.625969995601647
            ],
            [
              37.189039394922055,
              19.948590750439916
            ],
            [
              36.92428285597313,
              20.306151292077022
            ],
            [
              36.71029629038191,
              20.692765839916785
            ],
            [
              36.55099882798214,
              21.102031295970804
            ],
            [
              36.44948780716685,
              21.527122116392352
            ],
            [
              36.407966790042245,
              21.960893696753956
            ],
            [
              36.42768091658274,
              22.39599357469547
            ],
            [
              36.50886173417171,
              22.824979605954265
            ],
            [
              36.65068424328682,
              23.240444028720955
            ],
            [
              36.851239441499146,
              23.635141988919706
            ],
            [
              37.10752601507559,
              24.002122663458074
            ],
            [
              37.41546490152242,
              24.334860616920043
            ],
            [
              37.76994011976424,
              24.627384506786456
            ],
            [
              38.16486846381326,
              24.874399777748998
            ],
            [
              38.59329936490426,
              25.071401632643028
            ],
            [
              39.04754450638135,
              25.214774411948827
            ],
            [
              39.519334768234316,
              25.30187361878198
            ],
            [
              40.0,
              25.331087228322975
            ]
          ]
        ]
      }
    },
    {
      "type": "Feature",
      "properties": {
        "name": "Yemen",
        "code": "YEM"
      },
      "geometry": {
        "type": "Polygon",
        "coordinates": [
          [
            [
              46.5,
              17.33108722832298
            ],
            [
              46.95514945546267,
              17.302139322161512
            ],
            [
              47.402116624100856,
              17.215817932207987
            ],
            [
              47.832892035987406,
              17.073678718077065
            ],
            [
              48.23980566896716,
              16.87827714149007
            ],
            [
              48.61568171235164,
              16.633114039187934
            ],
            [
              48.95397671980445,
              16.34256233920434
            ],
            [
              49.248897647925745,
              16.01177752018585
            ],
            [
              49.49549765683734,
              15.646594760608744
            ],
            [
              49.689748901964506,
              15.253415857237837
            ],
            [
              49.82859272897827,
              14.839088932964025
            ],
            [
              49.90996859586236,
              14.41078374613002
            ],
            [
              49.93282363821214,
              13.975865110441665
            ],
            [
              49.89710506744895,
              13.541766592042762
            ],
            [
              49.80373758932312,
              13.115866317412811
            ],
            [
              49.65458782244503,
              12.705366439490517
            ],
            [
              49.4524173673196,
              12.317177591856561
            ],
            [
              49.20082580880157,
              11.957809518480122
            ],
            [
              48.904184601286225,
              11.633268992162785
            ],
            [
              48.567562540117514,
              11.348966110405145
            ],
            [
              48.19664339603254,
              11.109630058276922
            ],
            [
              47.7976362900689,
              10.919235426951072
            ],
            [
              47.3771795008497,
              10.78094014872202
            ],
            [
              46.94223859376018,
              10.697036034998094
            ],
            [
              46.5,
              10.668912771677023
            ],
            [
              46.057761406239834,
              10.697036034998094
            ],
            [
              45.6228204991503,
              10.78094014872202
            ],
            [
              45.2023637099311,
              10.919235426951072
            ],
            [
              44.803356603967465,
              11.109630058276922
            ],
            [
              44.43243745988249,
              11.348966110405145
            ],
            [
              44.095815398713775,
              11.633268992162783
            ],
            [
              43.79917419119844,
              11.957809518480122
            ],
            [
              43.5475826326804,
              12.31717759185656
            ],
            [
              43.34541217755498,
              12.705366439490517
            ],
            [
              43.19626241067689,
              13.115866317412811
            ],
            [
              43.10289493255106,
              13.541766592042762
            ],
            [
              43.067176361787865,
              13.975865110441665
            ],
            [
              43.09003140413765,
              14.410783746130017
            ],
            [
              43.171407271021735,
              14.839088932964025
            ],
            [
              43.3102510980355,
              15.253415857237837
            ],
            [
              43.50450234316266,
              15.646594760608744
            ],
            [
              43.751102352074255,
              16.011777520185845
            ],
            [
              44.046023280195556,
              16.34256233920434
            ],
            [
              44.38431828764837,
              16.633114039187934
            ],
            [
              44.76019433103284,
              16.87827714149007
            ],
            [
              45.1671079640126,
              17.07367871807707
            ],
            [
              45.59788337589915,
              17.215817932207987
            ],
            [
              46.04485054453734,
              17.302139322161512
            ],
            [
              46.5,
              17.33108722832298
            ]
          ]
        ]
      }
    },
    {
      "type": "Feature",
      "properties": {
        "name": "Oman",
        "code": "OMN"
      },
      "geometry": {
        "type": "Polygon",
        "coordinates": [
          [
            [
              58.5,
              22.831087228322975
            ],
            [
              58.97139359463163,
              22.801959867138816
            ],
            [
              59.43415818275519,
              22.715113086270552
            ],
            [
              59.879858388584424,
              22.5721404580218
            ],
            [
              60.300438347932676,
              22.37565735907017
            ],
            [
              60.688392767939604,
              22.12924194809128
            ],
            [
              61.036917350600866,
              21.837356036807808
            ],
            [
              61.34003441850739,
              21.505248956775297
            ],
            [
              61.59269140791567,
              21.13884790976118
            ],
            [
              61.79083166884349,
              20.74463840668447
            ],
            [
              61.931438544824324,
              20.329538280112804
            ],
            [
              62.01255486794792,
              19.90076845389636
            ],
            [
              62.033280740600546,
              19.465723238637125
            ],
            [
              61.99375279319586,
              19.031842461826574
            ],
            [
              61.895108068284806,
              18.606487295959077
            ],
            [
              61.73943537897931,
              18.196821260616108
            ],
            [
              61.529716529034104,
              17.809697571116608
            ],
            [
              61.26975926403654,
              17.45155379474399
            ],
            [
              60.964123332247105,
              17.128314648544638
            ],
            [
              60.61804063054498,
              16.845303711871505
            ],
            [
              60.23733013056727,
              16.60716480731553
            ],
            [
              59.82830813246684,
              16.417793798555536
            ],
            [
              59.39769436732596,
              16.280281538205738
            ],
            [
              58.95251453654995,
              16.196868653579493
            ],
            [
              58.5,
              16.16891277167702
            ],
            [
              58.047485463450066,
              16.196868653579493
            ],
            [
              57.60230563267404,
              16.280281538205738
            ],
            [
              57.171691867533156,
              16.417793798555536
            ],
            [
              56.76266986943272,
              16.60716480731553
            ],
            [
              56.38195936945502,
              16.845303711871505
            ],
            [
              56.035876667752895,
              17.128314648544638
            ],
            [
              55.73024073596346,
              17.45155379474399
            ],
            [
              55.470283470965896,
              17.809697571116605
            ],
            [
              55.26056462102069,
              18.196821260616108
            ],
            [
              55.1048919317152,
              18.606487295959077
            ],
            [
              55.00624720680414,
              19.031842461826574
            ],
            [
              54.966719259399454,
              19.465723238637125
            ],
            [
              54.98744513205207,
              19.900768453896358
            ],
            [
              55.06856145517567,
              20.329538280112804
            ],
            [
              55.20916833115651,
              20.74463840668447
            ],
            [
              55.407308592084334,
              21.13884790976118
            ],
            [
              55.65996558149261,
              21.505248956775297
            ],
            [
              55.96308264939913,
              21.837356036807808
            ],
            [
              56.311607232060396,
              22.12924194809128
            ],
            [
              56.699561652067324,
              22.37565735907017
            ],
            [
              57.120141611415576,
              22.5721404580218
            ],
            [
              57.56584181724481,
              22.715113086270552
            ],
            [
              58.02860640536837,
              22.801959867138816
            ],
            [
              58.5,
              22.831087228322975
            ]
          ]
        ]
      }
    },
    {
      "type": "Feature",
      "properties": {
        "name": "United Arab Emirates",
        "code": "ARE"
      },
      "geometry": {
        "type": "Polygon",
        "coordinates": [
          [
            [
              53.5,
              27.33108722832298
            ],
            [
              53.98903121427026,
              27.301802030285792
            ],
            [
              54.46896838794182,
              27.214493344415246
            ],
            [
              54.930932200150885,
              27.070788626069223
            ],
            [
              55.366463389966576,
              26.87335670276821
            ],
            [
              55.767710208958356,
              26.62584452714242
            ],
            [
              56.127591086206415,
              26.33279270499503
            ],
            [
              56.439927710799026,
              25.99953338299308
            ],
            [
              56.699546043913266,
              25.632074495087142
            ],
            [
              56.902344989466044,
              25.236974459125154
            ],
            [
              57.04533433898485,
              24.821211226677775
            ],
            [
              57.12664500671764,
              24.392049189800854
            ],
            [
              57.14551542310474,
              23.956906921573285
            ],
            [
              57.102258281496766,
              23.52322815471041
            ],
            [
              56.998211720207166,
              23.098357853694875
            ],
            [
              56.83567859111967,
              22.68942476062255
            ],
            [
              56.61785684851476,
              22.30323142158025
            ],
            [
              56.34876340856665,
              21.946152436783066
            ],
            [
              56.03315317866817,
              21.62404151528935
            ],
            [
              55.67643440423247,
              21.34214783372394
            ],
            [
              55.284581066291025,
              21.105042171621356
            ],
            [
              54.864042796016676,
              20.916553295832397
            ],
            [
              54.42165264008628,
              20.779715067557966
            ],
            [
              53.96453298575508,
              20.696724728171606
            ],
            [
              53.5,
              20.66891277167702
            ],
            [
              53.03546701424492,
              20.696724728171606
            ],
            [
              52.57834735991372,
              20.779715067557966
            ],
            [
              52.135957203983324,
              20.916553295832397
            ],
            [
              51.71541893370898,
              21.105042171621356
            ],
            [
              51.32356559576753,
              21.34214783372394
            ],
            [
              50.96684682133182,
              21.62404151528935
            ],
            [
              50.65123659143335,
              21.946152436783066
            ],
            [
              50.38214315148524,
              22.303231421580243
            ],
            [
              50.16432140888033,
              22.68942476062255
            ],
            [
              50.001788279792834,
              23.098357853694875
            ],
            [
              49.89774171850323,
              23.52322815471041
            ],
            [
              49.85448457689526,
              23.956906921573285
            ],
            [
              49.87335499328236,
              24.392049189800847
            ],
            [
              49.95466566101515,
              24.821211226677775
            ],
            [
              50.097655010533956,
              25.23697445912515
            ],
            [
              50.300453956086734,
              25.632074495087142
            ],
            [
              50.56007228920097,
              25.999533382993075
            ],
            [
              50.872408913793585,
              26.33279270499503
            ],
            [
              51.232289791041644,
              26.62584452714242
            ],
            [
              51.633536610033424,
              26.87335670276821
            ],
            [
              52.06906779984912,
              27.070788626069223
            ],
            [
              52.53103161205818,
              27.214493344415246
            ],
            [
              53.01096878572973,
              27.301802030285792
            ],
            [
              53.5,
              27.33108722832298
            ]
          ]
        ]
      }
    },
    {
      "type": "Feature",
      "properties": {
        "name": "Qatar",
        "code": "QAT"
      },
      "geometry": {
        "type": "Polygon",
        "coordinates": [
          [
            [
              51.0,
              28.83108722832298
            ],
            [
              51.4959016654223,
              28.80174663205894
            ],
            [
              51.98253069668286,
              28.71427586826291
            ],
            [
              52.45083723293381,
              28.570314404528933
            ],
            [
              52.89220694506138,
              28.372549996174435
            ],
            [
              53.29865471383306,
              28.124653915063806
            ],
            [
              53.662991912452895,
              27.831194557106357
            ],
            [
              53.97896226404969,
              27.497533191374245
            ],
            [
              54.24134374217005,
              27.1297060373336
            ],
            [
              54.44601637202671,
              26.734296937637694
            ],
            [
              54.58999781183876,
              26.318304677916437
            ],
            [
              54.67145008062738,
              25.889008567766442
            ],
            [
              54.6896616885402,
              25.453835327961585
            ],
            [
              54.64500974773024,
              25.020229714871068
            ],
            [
              54.53890649268087,
              24.595530727215664
            ],
            [
              54.373734152119106,
              24.18685473462673
            ],
            [
              54.152771432402915,
              23.800986470932408
            ],
            [
              53.88011412364341,
              23.444278555319308
            ],
            [
              53.56059162753353,
              23.12256003208437
            ],
            [
              53.19968060026458,
              22.841054333503994
            ],
            [
              52.80341644300765,
              22.60430704313345
            ],
            [
              52.37830306569291,
              22.416123840101644
            ],
            [
              51.93122118422947,
              22.279519012949752
            ],
            [
              51.46933535835407,
              22.196674924218176
            ],
            [
              51.0,
              22.16891277167702
            ],
            [
              50.530664641645934,
              22.196674924218176
            ],
            [
              50.068778815770536,
              22.279519012949752
            ],
            [
              49.621696934307096,
              22.416123840101644
            ],
            [
              49.19658355699235,
              22.60430704313345
            ],
            [
              48.80031939973543,
              22.841054333503994
            ],
            [
              48.439408372466474,
              23.12256003208437
            ],
            [
              48.1198858763566,
              23.444278555319308
            ],
            [
              47.847228567597085,
              23.800986470932404
            ],
            [
              47.626265847880894,
              24.18685473462673
            ],
            [
              47.46109350731913,
              24.595530727215664
            ],
            [
              47.354990252269765,
              25.020229714871068
            ],
            [
              47.31033831145981,
              25.453835327961585
            ],
            [
              47.32854991937263,
              25.889008567766442
            ],
            [
              47.41000218816124,
              26.318304677916434
            ],
            [
              47.55398362797329,
              26.73429693763769
            ],
            [
              47.75865625782995,
              27.1297060373336
            ],
            [
              48.02103773595031,
              27.497533191374245
            ],
            [
              48.337008087547105,
              27.831194557106357
            ],
            [
              48.70134528616695,
              28.124653915063806
            ],
            [
              49.10779305493862,
              28.372549996174435
            ],
            [
              49.54916276706619,
              28.570314404528933
            ],
            [
              50.01746930331714,
              28.71427586826291
            ],
            [
              50.504098334577705,
              28.80174663205894
            ],
            [
              51.0,
              28.83108722832298
            ]
          ]
        ]
      }
    },
    {
      "type": "Feature",
      "properties": {
        "name": "Bahrain",
        "code": "BHR"
      },
      "geometry": {
        "type": "Polygon",
        "coordinates": [
          [
            [
              50.6,
              29.331087228322975
            ],
            [
              51.09831140693165,
              29.301727813649936
            ],
            [
              51.58728774318803,
              29.214201998209667
            ],
            [
              52.05781952639832,
              29.07015334427754
            ],
            [
              52.501238212093604,
              28.87227605662174
            ],
            [
              52.90951204326009,
              28.624249688654835
            ],
            [
              53.2754149391327,
              28.330652092145765
            ],
            [
              53.59266331265968,
              27.99685443515707
            ],
            [
              53.85601827110039,
              27.628902539303056
            ],
            [
              54.061353104782,
              27.233388864165786
            ],
            [
              54.20568803776831,
              26.81731924089614
            ],
            [
              54.28719573101495,
              26.387978006479894
            ],
            [
              54.305181930604604,
              25.952794606246663
            ],
            [
              54.260045972939615,
              25.519214103852313
            ],
            [
              54.15322569597189,
              25.094573439470246
            ],
            [
              53.98713079848073,
              24.68598476099452
            ],
            [
              53.765067984009036,
              24.300226748828436
            ],
            [
              53.4911604543494,
              23.943644569806512
            ],
            [
              53.170263583922925,
              23.622058920240473
            ],
            [
              52.807877982218756,
              23.340684530538713
            ],
            [
              52.41006067480689,
              23.10405847674232
            ],
            [
              51.98333481354464,
              22.915978648918866
            ],
            [
              51.534598150105936,
              22.77945273677991
            ],
            [
              51.07103044503495,
              22.696658088988432
            ],
            [
              50.6,
              22.66891277167702
            ],
            [
              50.12896955496505,
              22.696658088988432
            ],
            [
              49.66540184989407,
              22.77945273677991
            ],
            [
              49.216665186455366,
              22.915978648918866
            ],
            [
              48.78993932519311,
              23.10405847674232
            ],
            [
              48.39212201778125,
              23.340684530538713
            ],
            [
              48.029736416077085,
              23.622058920240473
            ],
            [
              47.708839545650605,
              23.94364456980651
            ],
            [
              47.434932015990974,
              24.300226748828432
            ],
            [
              47.212869201519275,
              24.68598476099452
            ],
            [
              47.04677430402811,
              25.094573439470246
            ],
            [
              46.93995402706039,
              25.519214103852313
            ],
            [
              46.8948180693954,
              25.952794606246663
            ],
            [
              46.912804268985056,
              26.387978006479894
            ],
            [
              46.99431196223169,
              26.81731924089614
            ],
            [
              47.138646895218,
              27.233388864165786
            ],
            [
              47.343981728899614,
              27.628902539303056
            ],
            [
              47.60733668734032,
              27.996854435157065
            ],
            [
              47.9245850608673,
              28.330652092145765
            ],
            [
              48.290487956739916,
              28.624249688654835
            ],
            [
              48.6987617879064,
              28.87227605662174
            ],
            [
              49.142180473601684,
              29.07015334427754
            ],
            [
              49.612712256811974,
              29.214201998209667
            ],
            [
              50.10168859306835,
              29.301727813649936
            ],
            [
              50.6,
              29.331087228322975
            ]
          ]
        ]
      }
    },
    {
      "type": "Feature",
      "properties": {
        "name": "Kuwait",
        "code": "KWT"
      },
      "geometry": {
        "type": "Polygon",
        "coordinates": [
          [
            [
              48.5,
              32.83108722832298
            ],
            [
              49.0169880687116,
              32.801590567181115
            ],
            [
              49.52415926585679,
              32.71366332816559
            ],
            [
              50.01194408243743,
              32.568979155265815
            ],
            [
              50.471255734020815,
              32.3702795942848
            ],
            [
              50.89370272424622,
              32.121304910601424
            ],
            [
              51.271770020294106,
              31.826702158535763
            ],
            [
              51.59896311690683,
              31.491914794359083
            ],
            [
              51.86991236795084,
              31.12305856979257
            ],
            [
              52.080437894316006,
              30.72678848341785
            ],
            [
              52.227577809899465,
              30.310161263373526
            ],
            [
              52.309584246316405,
              29.880497300372408
            ],
            [
              52.32589264030133,
              29.445245253528242
            ],
            [
              52.277070030168346,
              29.011851815539334
            ],
            [
              52.164747823739475,
              28.587638432239736
            ],
            [
              51.9915438234832,
              28.179686181975672
            ],
            [
              51.76097740218532,
              27.794729562831957
            ],
            [
              51.477380768939945,
              27.439059616306345
            ],
            [
              51.14580836866037,
              27.118436621962626
            ],
            [
              50.77194569568795,
              26.83801250429692
            ],
            [
              50.362018211902345,
              26.602263070259795
            ],
            [
              49.922700648526956,
              26.414930212910523
            ],
            [
              49.46102672144895,
              26.27897424642014
            ],
            [
              48.98429917007727,
              26.196536559168273
            ],
            [
              48.5,
              26.16891277167703
            ],
            [
              48.01570082992273,
              26.196536559168273
            ],
            [
              47.53897327855104,
              26.27897424642014
            ],
            [
              47.07729935147304,
              26.414930212910523
            ],
            [
              46.637981788097655,
              26.602263070259795
            ],
            [
              46.22805430431206,
              26.838012504296916
            ],
            [
              45.854191631339624,
              27.118436621962626
            ],
            [
              45.52261923106005,
              27.439059616306345
            ],
            [
              45.239022597814674,
              27.794729562831954
            ],
            [
              45.008456176516795,
              28.179686181975672
            ],
            [
              44.835252176260525,
              28.587638432239736
            ],
            [
              44.72292996983165,
              29.011851815539334
            ],
            [
              44.67410735969866,
              29.445245253528242
            ],
            [
              44.690415753683595,
              29.880497300372408
            ],
            [
              44.77242219010053,
              30.310161263373526
            ],
            [
              44.91956210568399,
              30.72678848341785
            ],
            [
              45.130087632049154,
              31.12305856979257
            ],
            [
              45.40103688309316,
              31.491914794359083
            ],
            [
              45.72822997970589,
              31.826702158535763
            ],
            [
              46.10629727575378,
              32.121304910601424
            ],
            [
              46.52874426597918,
              32.3702795942848
            ],
            [
              46.98805591756257,
              32.568979155265815
            ],
            [
              47.475840734143205,
              32.71366332816559
            ],
            [
              47.983011931288395,
              32.801590567181115
            ],
            [
              48.5,
              32.83108722832298
            ]
          ]
        ]
      }
    },
    {
      "type": "Feature",
      "properties": {
        "name": "Iraq",
        "code": "IRQ"
      },
      "geometry": {
        "type": "Polygon",
        "coordinates": [
          [
            [
              48.2,
              32.83108722832298
            ],
            [
              48.71698806871161,
              32.801590567181115
            ],
            [
              49.2241592658568,
              32.71366332816559
            ],
            [
              49.711944082437434,
              32.568979155265815
            ],
            [
              50.171255734020825,
              32.3702795942848
            ],
            [
              50.59370272424622,
              32.121304910601424
            ],
            [
              50.971770020294116,
              31.826702158535763
            ],
            [
              51.29896311690683,
              31.491914794359083
            ],
            [
              51.56991236795085,
              31.12305856979257
            ],
            [
              51.780437894316016,
              30.72678848341785
            ],
            [
              51.927577809899475,
              30.310161263373526
            ],
            [
              52.00958424631641,
              29.880497300372408
            ],
            [
              52.02589264030134,
              29.445245253528242
            ],
            [
              51.977070030168356,
              29.011851815539334
            ],
            [
              51.86474782373948,
              28.587638432239736
            ],
            [
              51.69154382348321,
              28.179686181975672
            ],
            [
              51.46097740218533,
              27.794729562831957
            ],
            [
              51.177380768939955,
              27.439059616306345
            ],
            [
              50.84580836866038,
              27.118436621962626
            ],
            [
              50.47194569568795,
              26.83801250429692
            ],
            [
              50.06201821190235,
              26.602263070259795
            ],
            [
              49.622700648526965,
              26.414930212910523
            ],
            [
              49.16102672144896,
              26.27897424642014
            ],
            [
              48.684299170077274,
              26.196536559168273
            ],
            [
              48.2,
              26.16891277167703
            ],
            [
              47.71570082992273,
              26.196536559168273
            ],
            [
              47.23897327855105,
              26.27897424642014
            ],
            [
              46.77729935147305,
              26.414930212910523
            ],
            [
              46.33798178809766,
              26.602263070259795
            ],
            [
              45.92805430431206,
              26.838012504296916
            ],
            [
              45.554191631339634,
              27.118436621962626
            ],
            [
              45.22261923106006,
              27.439059616306345
            ],
            [
              44.939022597814684,
              27.794729562831954
            ],
            [
              44.708456176516805,
              28.179686181975672
            ],
            [
              44.53525217626053,
              28.587638432239736
            ],
            [
              44.42292996983166,
              29.011851815539334
            ],
            [
              44.37410735969867,
              29.445245253528242
            ],
            [
              44.3904157536836,
              29.880497300372408
            ],
            [
              44.47242219010054,
              30.310161263373526
            ],
            [
              44.619562105684,
              30.72678848341785
            ],
            [
              44.830087632049164,
              31.12305856979257
            ],
            [
              45.10103688309317,
              31.491914794359083
            ],
            [
              45.4282299797059,
              31.826702158535763
            ],
            [
              45.806297275753785,
              32.121304910601424
            ],
            [
              46.22874426597919,
              32.3702795942848
            ],
            [
              46.68805591756257,
              32.568979155265815
            ],
            [
              47.175840734143215,
              32.71366332816559
            ],
            [
              47.683011931288405,
              32.801590567181115
            ],
            [
              48.2,
              32.83108722832298
            ]
          ]
        ]
      }
    },
    {
      "type": "Feature",
      "properties": {
        "name": "Iran",
        "code": "IRN"
      },
      "geometry": {
        "type": "Polygon",
        "coordinates": [
          [
            [
              55.0,
              29.831087228322982
            ],
            [
              55.50078300242192,
              29.801708810005792
            ],
            [
              55.992166982713506,
              29.714127403685158
            ],
            [
              56.464981390962194,
              29.569990713940868
            ],
            [
              56.910502152753274,
              29.371999468670026
            ],
            [
              57.32064974078573,
              29.12384159487018
            ],
            [
              57.68815970503253,
              28.830104501313958
            ],
            [
              58.00672046825477,
              28.49616935568057
            ],
            [
              58.27107582832473,
              28.128091672965795
            ],
            [
              58.47709212201307,
              27.73247260430089
            ],
            [
              58.62179212190624,
              27.31632507938431
            ],
            [
              58.70335928520386,
              26.886938491512016
            ],
            [
              58.721116887337566,
              26.45174501524895
            ],
            [
              58.67548688938589,
              26.01819000387066
            ],
            [
              58.56793321096814,
              25.593608302412957
            ],
            [
              58.40089355200837,
              25.185107785905554
            ],
            [
              58.177703177384686,
              24.799461020465177
            ],
            [
              57.90251328298837,
              24.44300565472585
            ],
            [
              57.58020580642645,
              24.12155397051674
            ],
            [
              57.216305902554424,
              23.84031193293018
            ],
            [
              56.81689281150358,
              23.60380805304712
            ],
            [
              56.388509513849,
              23.41583238263579
            ],
            [
              55.93807138028708,
              23.279385973083947
            ],
            [
              55.472773952460365,
              23.19664113041577
            ],
            [
              55.0,
              23.16891277167702
            ],
            [
              54.52722604753965,
              23.19664113041577
            ],
            [
              54.06192861971292,
              23.279385973083947
            ],
            [
              53.611490486151006,
              23.41583238263579
            ],
            [
              53.183107188496436,
              23.603808053047118
            ],
            [
              52.78369409744558,
              23.84031193293018
            ],
            [
              52.419794193573544,
              24.121553970516736
            ],
            [
              52.09748671701162,
              24.44300565472585
            ],
            [
              51.822296822615314,
              24.799461020465177
            ],
            [
              51.59910644799163,
              25.185107785905554
            ],
            [
              51.432066789031865,
              25.593608302412957
            ],
            [
              51.32451311061412,
              26.01819000387066
            ],
            [
              51.278883112662434,
              26.45174501524895
            ],
            [
              51.29664071479615,
              26.886938491512016
            ],
            [
              51.37820787809376,
              27.31632507938431
            ],
            [
              51.52290787798693,
              27.73247260430089
            ],
            [
              51.72892417167527,
              28.128091672965795
            ],
            [
              51.99327953174523,
              28.496169355680568
            ],
            [
              52.31184029496747,
              28.830104501313958
            ],
            [
              52.679350259214274,
              29.12384159487017
            ],
            [
              53.089497847246726,
              29.371999468670026
            ],
            [
              53.53501860903781,
              29.569990713940868
            ],
            [
              54.007833017286494,
              29.714127403685158
            ],
            [
              54.49921699757809,
              29.801708810005792
            ],
            [
              55.0,
              29.831087228322982
            ]
          ]
        ]
      }
    },
    {
      "type": "Feature",
      "properties": {
        "name": "Azerbaijan",
        "code": "AZE"
      },
      "geometry": {
        "type": "Polygon",
        "coordinates": [
          [
            [
              50.0,
              43.33108722832298
            ],
            [
              50.59711627676178,
              43.30109964044577
            ],
            [
              51.182341956046365,
              43.21173767258883
            ],
            [
              51.74413074687875,
              43.06478573716382
            ],
            [
              52.27160448096488,
              42.86315909891921
            ],
            [
              52.75483835727814,
              42.610819652165894
            ],
            [
              53.185093899637614,
              42.312665320524644
            ],
            [
              53.55499145111057,
              41.974399303418565
            ],
            [
              53.85861982599902,
              41.60238585641263
            ],
            [
              54.091585956360646,
              41.20349911488293
            ],
            [
              54.251011402818484,
              40.78497078075285
            ],
            [
              54.33548515467023,
              40.35424146785468
            ],
            [
              54.34498322288064,
              39.91881932895118
            ],
            [
              54.28076535315843,
              39.48614842844898
            ],
            [
              54.14525809829372,
              39.06348829775539
            ],
            [
              53.94193186097256,
              38.65780528422899
            ],
            [
              53.67517768226133,
              38.27567570417942
            ],
            [
              53.350187761303516,
              37.923200425481156
            ],
            [
              52.972842114640585,
              37.60593030408794
            ],
            [
              52.549602504350396,
              37.32880183828328
            ],
            [
              52.08741380459338,
              37.096082440159066
            ],
            [
              51.59361231390677,
              36.91132481498914
            ],
            [
              51.0758401075451,
              36.77733005291181
            ],
            [
              50.54196430078659,
              36.69611914987978
            ],
            [
              50.0,
              36.66891277167702
            ],
            [
              49.45803569921341,
              36.69611914987978
            ],
            [
              48.9241598924549,
              36.77733005291181
            ],
            [
              48.40638768609323,
              36.91132481498914
            ],
            [
              47.91258619540662,
              37.096082440159066
            ],
            [
              47.450397495649604,
              37.32880183828328
            ],
            [
              47.027157885359415,
              37.60593030408794
            ],
            [
              46.649812238696484,
              37.923200425481156
            ],
            [
              46.32482231773867,
              38.27567570417942
            ],
            [
              46.05806813902744,
              38.65780528422899
            ],
            [
              45.85474190170628,
              39.06348829775539
            ],
            [
              45.71923464684157,
              39.48614842844898
            ],
            [
              45.65501677711936,
              39.91881932895118
            ],
            [
              45.66451484532977,
              40.35424146785468
            ],
            [
              45.748988597181516,
              40.78497078075284
            ],
            [
              45.908414043639354,
              41.20349911488292
            ],
            [
              46.14138017400098,
              41.60238585641263
            ],
            [
              46.44500854888943,
              41.974399303418565
            ],
            [
              46.814906100362386,
              42.312665320524644
            ],
            [
              47.24516164272186,
              42.610819652165894
            ],
            [
              47.72839551903512,
              42.86315909891921
            ],
            [
              48.25586925312125,
              43.06478573716382
            ],
            [
              48.817658043953635,
              43.21173767258883
            ],
            [
              49.40288372323822,
              43.30109964044577
            ],
            [
              50.0,
              43.33108722832298
            ]
          ]
        ]
      }
    },
    {
      "type": "Feature",
      "properties": {
        "name": "Russia (Baltic)",
        "code": "RUS_B"
      },
      "geometry": {
        "type": "Polygon",
        "coordinates": [
          [
            [
              28.0,
              62.33108722832298
            ],
            [
              28.934858397436475,
              62.29951368806906
            ],
            [
              29.848188528154257,
              62.205529505535075
            ],
            [
              30.71936199114278,
              62.05131156505067
            ],
            [
              31.529465262326745,
              61.840383258626886
            ],
            [
              32.26195989754567,
              61.577468448895765
            ],
            [
              32.90314369522394,
              61.26830704792114
            ],
            [
              33.44239854899016,
              60.91944787682282
            ],
            [
              33.872238191800214,
              60.538034072095094
            ],
            [
              34.188189154937234,
              60.1315940637493
            ],
            [
              34.38854900489644,
              59.70784783983552
            ],
            [
              34.474067860557334,
              59.274534612170065
            ],
            [
              34.447594580555105,
              58.83926471659208
            ],
            [
              34.313720653316956,
              58.40939597608974
            ],
            [
              34.07844523788656,
              57.99193294992823
            ],
            [
              33.748875788357346,
              57.59344643891272
            ],
            [
              33.33297124917352,
              57.22001017377286
            ],
            [
              32.83932928129367,
              56.877151606694305
            ],
            [
              32.277015286779154,
              56.569813991890506
            ],
            [
              31.6554288322041,
              56.30232734760402
            ],
            [
              30.984202045072003,
              56.07838634379165
            ],
            [
              30.273124304616466,
              55.90103359571568
            ],
            [
              29.53208776175897,
              55.772647229759095
            ],
            [
              28.77104866779361,
              55.694931909973995
            ],
            [
              28.0,
              55.66891277167703
            ],
            [
              27.22895133220639,
              55.694931909973995
            ],
            [
              26.467912238241038,
              55.772647229759095
            ],
            [
              25.72687569538354,
              55.90103359571568
            ],
            [
              25.015797954928,
              56.07838634379165
            ],
            [
              24.344571167795902,
              56.30232734760402
            ],
            [
              23.72298471322085,
              56.569813991890506
            ],
            [
              23.160670718706328,
              56.877151606694305
            ],
            [
              22.667028750826482,
              57.22001017377286
            ],
            [
              22.25112421164266,
              57.59344643891272
            ],
            [
              21.92155476211344,
              57.99193294992823
            ],
            [
              21.68627934668305,
              58.40939597608974
            ],
            [
              21.552405419444902,
              58.83926471659208
            ],
            [
              21.525932139442666,
              59.274534612170065
            ],
            [
              21.611450995103567,
              59.70784783983552
            ],
            [
              21.811810845062766,
              60.13159406374929
            ],
            [
              22.127761808199786,
              60.538034072095094
            ],
            [
              22.557601451009845,
              60.91944787682281
            ],
            [
              23.096856304776065,
              61.26830704792114
            ],
            [
              23.738040102454327,
              61.577468448895765
            ],
            [
              24.470534737673255,
              61.840383258626886
            ],
            [
              25.280638008857224,
              62.05131156505067
            ],
            [
              26.15181147184574,
              62.205529505535075
            ],
            [
              27.06514160256353,
              62.29951368806906
            ],
            [
              28.0,
              62.33108722832298
            ]
          ]
        ]
      }
    },
    {
      "type": "Feature",
      "properties": {
        "name": "Estonia",
        "code": "EST"
      },
      "geometry": {
        "type": "Polygon",
        "coordinates": [
          [
            [
              24.5,
              61.83108722832298
            ],
            [
              25.419609004721718,
              61.79957915602873
            ],
            [
              26.318162677784628,
              61.70578538251054
            ],
            [
              27.175474184528785,
              61.55186552305112
            ],
            [
              27.973013033838903,
              61.34131644731627
            ],
            [
              28.6945455896493,
              61.07882922441907
            ],
            [
              29.32658572171555,
              60.77010816961123
            ],
            [
              29.85864131772819,
              60.421667160587944
            ],
            [
              30.283268433837247,
              60.04061806873265
            ],
            [
              30.59596413687279,
              59.634464047518556
            ],
            [
              30.794939603779376,
              59.210907264591775
            ],
            [
              30.880817245888085,
              58.77767720029978
            ],
            [
              30.8562915575664,
              58.34238245049471
            ],
            [
              30.725785656326234,
              57.91238641890375
            ],
            [
              30.495126459691427,
              57.49470549382058
            ],
            [
              30.171252856156368,
              57.09592723924277
            ],
            [
              29.76196405846292,
              56.7221456613652
            ],
            [
              29.275709945116105,
              56.37891057339059
            ],
            [
              28.721421551189533,
              56.07118831787228
            ],
            [
              28.108377687530233,
              55.8033314873895
            ],
            [
              27.446102593088757,
              55.579055717148265
            ],
            [
              26.744289211380636,
              55.40142204561379
            ],
            [
              26.012742834820468,
              55.272823716643174
            ],
            [
              25.261340252152475,
              55.19497661366107
            ],
            [
              24.5,
              55.16891277167702
            ],
            [
              23.738659747847528,
              55.19497661366107
            ],
            [
              22.987257165179535,
              55.272823716643174
            ],
            [
              22.255710788619364,
              55.40142204561379
            ],
            [
              21.553897406911243,
              55.579055717148265
            ],
            [
              20.891622312469767,
              55.8033314873895
            ],
            [
              20.27857844881047,
              56.07118831787228
            ],
            [
              19.72429005488389,
              56.37891057339059
            ],
            [
              19.238035941537085,
              56.72214566136518
            ],
            [
              18.828747143843632,
              57.09592723924277
            ],
            [
              18.504873540308573,
              57.49470549382058
            ],
            [
              18.274214343673766,
              57.91238641890375
            ],
            [
              18.1437084424336,
              58.34238245049471
            ],
            [
              18.11918275411191,
              58.77767720029978
            ],
            [
              18.20506039622062,
              59.210907264591775
            ],
            [
              18.404035863127206,
              59.63446404751854
            ],
            [
              18.716731566162753,
              60.04061806873265
            ],
            [
              19.1413586822718,
              60.421667160587944
            ],
            [
              19.67341427828445,
              60.77010816961123
            ],
            [
              20.3054544103507,
              61.07882922441907
            ],
            [
              21.026986966161093,
              61.34131644731627
            ],
            [
              21.82452581547122,
              61.55186552305112
            ],
            [
              22.681837322215365,
              61.70578538251054
            ],
            [
              23.580390995278282,
              61.79957915602873
            ],
            [
              24.5,
              61.83108722832298
            ]
          ]
        ]
      }
    },
    {
      "type": "Feature",
      "properties": {
        "name": "Latvia",
        "code": "LVA"
      },
      "geometry": {
        "type": "Polygon",
        "coordinates": [
          [
            [
              23.0,
              60.33108722832297
            ],
            [
              23.877092455328313,
              60.29976340544246
            ],
            [
              24.734428342334994,
              60.206505694817466
            ],
            [
              25.553035571592694,
              60.053425610546476
            ],
            [
              26.31544132781603,
              59.84394603468882
            ],
            [
              27.006259087721148,
              59.582666346805574
            ],
            [
              27.612609934280414,
              59.275191033080766
            ],
            [
              28.124364070459567,
              58.92793559692845
            ],
            [
              28.534210783615297,
              58.54792346206589
            ],
            [
              28.83758210401485,
              58.1425858155575
            ],
            [
              29.03246520669275,
              57.71957359585354
            ],
            [
              29.119141384959658,
              57.28658773739752
            ],
            [
              29.099886702846533,
              56.85123086865218
            ],
            [
              28.978663305178717,
              56.42088126180514
            ],
            [
              28.760822824316385,
              56.00258809339963
            ],
            [
              28.452835890323275,
              55.602985988401905
            ],
            [
              28.062055354607924,
              55.22822628642202
            ],
            [
              27.596515881963082,
              54.88392234968924
            ],
            [
              27.06476908488535,
              54.575106388636826
            ],
            [
              26.475751181599218,
              54.306195593603995
            ],
            [
              25.838678976181342,
              54.08096573997196
            ],
            [
              25.16296949487678,
              53.902530817522575
            ],
            [
              24.458178609512004,
              53.77332758600828
            ],
            [
              23.73395423010261,
              53.695104259896496
            ],
            [
              23.0,
              53.66891277167702
            ],
            [
              22.26604576989739,
              53.695104259896496
            ],
            [
              21.541821390488,
              53.77332758600828
            ],
            [
              20.83703050512322,
              53.902530817522575
            ],
            [
              20.16132102381866,
              54.08096573997196
            ],
            [
              19.524248818400785,
              54.306195593603995
            ],
            [
              18.93523091511465,
              54.575106388636826
            ],
            [
              18.40348411803692,
              54.88392234968923
            ],
            [
              17.93794464539208,
              55.22822628642201
            ],
            [
              17.54716410967673,
              55.602985988401905
            ],
            [
              17.23917717568362,
              56.00258809339963
            ],
            [
              17.021336694821287,
              56.42088126180514
            ],
            [
              16.900113297153464,
              56.85123086865218
            ],
            [
              16.880858615040342,
              57.28658773739752
            ],
            [
              16.96753479330725,
              57.71957359585354
            ],
            [
              17.162417895985147,
              58.1425858155575
            ],
            [
              17.465789216384703,
              58.54792346206589
            ],
            [
              17.875635929540433,
              58.92793559692845
            ],
            [
              18.387390065719583,
              59.275191033080766
            ],
            [
              18.99374091227885,
              59.582666346805574
            ],
            [
              19.684558672183968,
              59.84394603468882
            ],
            [
              20.446964428407306,
              60.053425610546476
            ],
            [
              21.265571657665003,
              60.206505694817466
            ],
            [
              22.122907544671687,
              60.29976340544246
            ],
            [
              23.0,
              60.33108722832297
            ]
          ]
        ]
      }
    },
    {
      "type": "Feature",
      "properties": {
        "name": "Lithuania",
        "code": "LTU"
      },
      "geometry": {
        "type": "Polygon",
        "coordinates": [
          [
            [
              21.0,
              58.83108722832299
            ],
            [
              21.83888270971231,
              58.799931481138586
            ],
            [
              22.659151448837683,
              58.707163015276144
            ],
            [
              23.44290541697607,
              58.55485010693106
            ],
            [
              24.173609426696036,
              58.34634898920703
            ],
            [
              24.836634614056525,
              58.08617618335649
            ],
            [
              25.419653420657983,
              57.779845577880174
            ],
            [
              25.912875138516437,
              57.43368291597432
            ],
            [
              26.309127620432523,
              57.05463036770095
            ],
            [
              26.603805798458563,
              56.650052413524676
            ],
            [
              26.794716750105003,
              56.227551871428176
            ],
            [
              26.881854171840757,
              55.79480212757249
            ],
            [
              26.867133406005625,
              55.359398958980755
            ],
            [
              26.754113309633137,
              54.92873308554904
            ],
            [
              26.547724935084883,
              54.509882909079785
            ],
            [
              26.25402054826251,
              54.10952580357761
            ],
            [
              25.87995080361827,
              53.73386573986976
            ],
            [
              25.433173348207845,
              53.388574842725106
            ],
            [
              24.921892829588092,
              53.078746566789334
            ],
            [
              24.354730117877136,
              52.80885842945933
            ],
            [
              23.740617304009316,
              52.582742568379935
            ],
            [
              23.088714461628122,
              52.403562737832594
            ],
            [
              22.408344034508747,
              52.27379668368223
            ],
            [
              21.708938848197533,
              52.195223120633
            ],
            [
              21.0,
              52.168912771677036
            ],
            [
              20.29106115180247,
              52.195223120633
            ],
            [
              19.591655965491256,
              52.27379668368223
            ],
            [
              18.91128553837188,
              52.403562737832594
            ],
            [
              18.259382695990688,
              52.582742568379935
            ],
            [
              17.645269882122868,
              52.80885842945933
            ],
            [
              17.07810717041191,
              53.078746566789334
            ],
            [
              16.56682665179216,
              53.388574842725106
            ],
            [
              16.120049196381732,
              53.73386573986976
            ],
            [
              15.745979451737492,
              54.10952580357761
            ],
            [
              15.452275064915119,
              54.509882909079785
            ],
            [
              15.245886690366865,
              54.92873308554904
            ],
            [
              15.132866593994379,
              55.359398958980755
            ],
            [
              15.118145828159241,
              55.79480212757249
            ],
            [
              15.205283249895002,
              56.227551871428176
            ],
            [
              15.396194201541439,
              56.65005241352466
            ],
            [
              15.690872379567478,
              57.05463036770095
            ],
            [
              16.087124861483566,
              57.43368291597431
            ],
            [
              16.580346579342017,
              57.779845577880174
            ],
            [
              17.16336538594348,
              58.08617618335649
            ],
            [
              17.826390573303964,
              58.34634898920703
            ],
            [
              18.557094583023932,
              58.55485010693106
            ],
            [
              19.340848551162313,
              58.707163015276144
            ],
            [
              20.161117290287695,
              58.799931481138586
            ],
            [
              21.0,
              58.83108722832299
            ]
          ]
        ]
      }
    },
    {
      "type": "Feature",
      "properties": {
        "name": "Poland",
        "code": "POL"
      },
      "geometry": {
        "type": "Polygon",
        "coordinates": [
          [
            [
              18.0,
              57.831087228322986
            ],
            [
              18.815507004789918,
              57.80003567067287
            ],
            [
              19.613087727135436,
              57.70757059938131
            ],
            [
              20.375487326992626,
              57.555733793314516
            ],
            [
              21.08673820457702,
              57.34784057451876
            ],
            [
              21.732673203981076,
              57.088356479091004
            ],
            [
              22.301304533616566,
              56.78273946614122
            ],
            [
              22.78305502298152,
              56.43725963663362
            ],
            [
              23.170845921544863,
              56.0588085282954
            ],
            [
              23.46005934116274,
              55.65470876942757
            ],
            [
              23.648402080641073,
              55.23253268213082
            ],
            [
              23.735700825169406,
              54.79993584403857
            ],
            [
              23.723657527525514,
              54.36450909476096
            ],
            [
              23.61558962049455,
              53.933650316159444
            ],
            [
              23.41617408564072,
              53.514455678306796
            ],
            [
              23.13120853774823,
              53.11362895165108
            ],
            [
              22.767397195102717,
              52.737406880966624
            ],
            [
              22.332165317376987,
              52.391498395219116
            ],
            [
              21.833502523216747,
              52.08103547603147
            ],
            [
              21.27983326906639,
              51.81053372277975
            ],
            [
              20.679911497696533,
              51.58386095160267
            ],
            [
              20.042735834944917,
              51.40421248886451
            ],
            [
              19.37748152166577,
              51.27409212815096
            ],
            [
              18.69344534077393,
              51.19529799243496
            ],
            [
              18.0,
              51.16891277167702
            ],
            [
              17.30655465922607,
              51.19529799243496
            ],
            [
              16.62251847833423,
              51.27409212815096
            ],
            [
              15.957264165055086,
              51.40421248886451
            ],
            [
              15.320088502303467,
              51.58386095160267
            ],
            [
              14.72016673093361,
              51.81053372277975
            ],
            [
              14.166497476783256,
              52.08103547603147
            ],
            [
              13.667834682623011,
              52.391498395219116
            ],
            [
              13.232602804897283,
              52.737406880966624
            ],
            [
              12.868791462251771,
              53.11362895165108
            ],
            [
              12.583825914359283,
              53.514455678306796
            ],
            [
              12.384410379505448,
              53.933650316159444
            ],
            [
              12.276342472474482,
              54.36450909476096
            ],
            [
              12.264299174830592,
              54.79993584403857
            ],
            [
              12.351597919358925,
              55.23253268213082
            ],
            [
              12.53994065883726,
              55.65470876942757
            ],
            [
              12.829154078455133,
              56.0588085282954
            ],
            [
              13.216944977018477,
              56.437259636633605
            ],
            [
              13.698695466383436,
              56.78273946614122
            ],
            [
              14.267326796018923,
              57.088356479091004
            ],
            [
              14.913261795422976,
              57.34784057451876
            ],
            [
              15.624512673007374,
              57.555733793314516
            ],
            [
              16.38691227286456,
              57.70757059938131
            ],
            [
              17.184492995210082,
              57.80003567067287
            ],
            [
              18.0,
              57.831087228322986
            ]
          ]
        ]
      }
    },
    {
      "type": "Feature",
      "properties": {
        "name": "Ukraine",
        "code": "UKR"
      },
      "geometry": {
        "type": "Polygon",
        "coordinates": [
          [
            [
              32.0,
              47.83108722832298
            ],
            [
              32.64694377405706,
              47.80083514882019
            ],
            [
              33.28067736046845,
              47.71070096310555
            ],
            [
              33.88840040686049,
              47.56253083320866
            ],
            [
              34.45810544645854,
              47.35933645989726
            ],
            [
              34.978910782231715,
              47.10520199535195
            ],
            [
              35.44132594510426,
              46.805162583616024
            ],
            [
              35.83744013092583,
              46.465061973350494
            ],
            [
              36.161031883015895,
              46.09139708007457
            ],
            [
              36.40760515677091,
              45.69115701253002
            ],
            [
              36.57436197670129,
              45.27166310496384
            ],
            [
              36.66012484543439,
              44.8404151545058
            ],
            [
              36.66522298690019,
              44.40494759042645
            ],
            [
              36.59135579463893,
              43.972697897917435
            ],
            [
              36.44144503981562,
              43.55088841800734
            ],
            [
              36.21948500173571,
              43.14642171647663
            ],
            [
              35.93039715775598,
              42.765789071845724
            ],
            [
              35.57989372250923,
              42.414991250153776
            ],
            [
              35.174352341346115,
              42.099470564425644
            ],
            [
              34.72070269411045,
              41.82405320328816
            ],
            [
              34.22632464862437,
              41.59290090176667
            ],
            [
              33.69895686589435,
              41.40947117133078
            ],
            [
              33.14661432448622,
              41.2764854698922
            ],
            [
              32.57751301703461,
              41.19590485108741
            ],
            [
              32.0,
              41.16891277167702
            ],
            [
              31.422486982965392,
              41.19590485108741
            ],
            [
              30.85338567551378,
              41.2764854698922
            ],
            [
              30.30104313410565,
              41.40947117133078
            ],
            [
              29.77367535137563,
              41.59290090176667
            ],
            [
              29.279297305889553,
              41.82405320328816
            ],
            [
              28.82564765865388,
              42.099470564425644
            ],
            [
              28.42010627749077,
              42.414991250153776
            ],
            [
              28.06960284224402,
              42.765789071845724
            ],
            [
              27.78051499826429,
              43.14642171647663
            ],
            [
              27.55855496018438,
              43.55088841800734
            ],
            [
              27.408644205361075,
              43.972697897917435
            ],
            [
              27.33477701309981,
              44.40494759042645
            ],
            [
              27.33987515456561,
              44.8404151545058
            ],
            [
              27.42563802329871,
              45.271663104963835
            ],
            [
              27.592394843229084,
              45.691157012530006
            ],
            [
              27.838968116984105,
              46.09139708007457
            ],
            [
              28.16255986907417,
              46.465061973350494
            ],
            [
              28.55867405489574,
              46.805162583616024
            ],
            [
              29.021089217768285,
              47.10520199535195
            ],
            [
              29.541894553541457,
              47.35933645989726
            ],
            [
              30.11159959313951,
              47.56253083320866
            ],
            [
              30.71932263953154,
              47.71070096310555
            ],
            [
              31.353056225942947,
              47.80083514882019
            ],
            [
              32.0,
              47.83108722832298
            ]
          ]
        ]
      }
    },
    {
      "type": "Feature",
      "properties": {
        "name": "Romania",
        "code": "ROU"
      },
      "geometry": {
        "type": "Polygon",
        "coordinates": [
          [
            [
              29.000000000000004,
              47.33108722832298
            ],
            [
              29.640801032706726,
              47.300866718807185
            ],
            [
              30.26855619406186,
              47.210824677651964
            ],
            [
              30.870621109472633,
              47.062799819540004
            ],
            [
              31.435128437109675,
              46.85979222979201
            ],
            [
              31.951314751804524,
              46.60587136397385
            ],
            [
              32.40978197087735,
              46.30605591441929
            ],
            [
              32.80268389664765,
              45.96617283563098
            ],
            [
              33.123836039955286,
              45.59270325854184
            ],
            [
              33.368753544549385,
              45.19262268592866
            ],
            [
              33.534626976106566,
              44.77324192517547
            ],
            [
              33.6202486457892,
              44.34205391239744
            ],
            [
              33.625903089942206,
              43.90659014679421
            ],
            [
              33.55323469309754,
              43.474289079612994
            ],
            [
              33.405103724476355,
              43.05237762133254
            ],
            [
              33.18543976744959,
              42.647766013091974
            ],
            [
              32.89909908440907,
              42.266955669271375
            ],
            [
              32.55173018236391,
              41.91595921409095
            ],
            [
              32.14964990896085,
              41.60023176032169
            ],
            [
              31.699730890929818,
              41.324612458229645
            ],
            [
              31.20930002684573,
              41.093275424520094
            ],
            [
              30.686047015132207,
              40.909689298463476
            ],
            [
              30.1379414636546,
              40.77658483001849
            ],
            [
              29.57315690936479,
              40.69593005807182
            ],
            [
              29.000000000000004,
              40.66891277167703
            ],
            [
              28.426843090635217,
              40.69593005807182
            ],
            [
              27.862058536345412,
              40.77658483001849
            ],
            [
              27.313952984867804,
              40.909689298463476
            ],
            [
              26.79069997315428,
              41.093275424520094
            ],
            [
              26.30026910907019,
              41.324612458229645
            ],
            [
              25.850350091039157,
              41.60023176032169
            ],
            [
              25.4482698176361,
              41.91595921409095
            ],
            [
              25.100900915590938,
              42.266955669271375
            ],
            [
              24.814560232550416,
              42.647766013091974
            ],
            [
              24.594896275523652,
              43.05237762133254
            ],
            [
              24.446765306902467,
              43.474289079612994
            ],
            [
              24.374096910057798,
              43.90659014679421
            ],
            [
              24.379751354210807,
              44.34205391239744
            ],
            [
              24.465373023893438,
              44.77324192517547
            ],
            [
              24.63124645545061,
              45.19262268592866
            ],
            [
              24.87616396004472,
              45.59270325854184
            ],
            [
              25.197316103352353,
              45.96617283563098
            ],
            [
              25.590218029122656,
              46.30605591441929
            ],
            [
              26.048685248195483,
              46.60587136397383
            ],
            [
              26.564871562890332,
              46.85979222979201
            ],
            [
              27.129378890527374,
              47.062799819540004
            ],
            [
              27.731443805938145,
              47.210824677651964
            ],
            [
              28.35919896729328,
              47.300866718807185
            ],
            [
              29.000000000000004,
              47.33108722832298
            ]
          ]
        ]
      }
    },
    {
      "type": "Feature",
      "properties": {
        "name": "Bulgaria",
        "code": "BGR"
      },
      "geometry": {
        "type": "Polygon",
        "coordinates": [
          [
            [
              28.0,
              46.33108722832298
            ],
            [
              28.62900042262255,
              46.30092810523908
            ],
            [
              29.245269298219444,
              46.211065256964716
            ],
            [
              29.836460768839764,
              46.06332297689301
            ],
            [
              30.39097593816315,
              45.86067884592593
            ],
            [
              30.898278331946894,
              45.60717382303236
            ],
            [
              31.349147598624082,
              45.3077946669872
            ],
            [
              31.735862355611577,
              44.96833569001244
            ],
            [
              32.052310167359984,
              44.59524729107855
            ],
            [
              32.29402889352939,
              44.19547842504341
            ],
            [
              32.45818834104598,
              43.776319296841876
            ],
            [
              32.54352397269629,
              43.345249344490554
            ],
            [
              32.55023542437931,
              42.90979421085688
            ],
            [
              32.47986208759003,
              42.47739408705698
            ],
            [
              32.335146480032016,
              42.055284669406056
            ],
            [
              32.1198940252783,
              41.65039107685092
            ],
            [
              31.838835593216725,
              41.269234444919
            ],
            [
              31.497497009246924,
              40.91785052597234
            ],
            [
              31.102077900245902,
              40.60171944205671
            ],
            [
              30.65934078906684,
              40.32570570464873
            ],
            [
              30.176510283319246,
              40.09400768422309
            ],
            [
              29.661181487711847,
              39.91011583731645
            ],
            [
              29.121236336658363,
              39.77677914474683
            ],
            [
              28.564766321154416,
              39.695979357450604
            ],
            [
              28.0,
              39.66891277167703
            ],
            [
              27.43523367884559,
              39.695979357450604
            ],
            [
              26.878763663341637,
              39.77677914474683
            ],
            [
              26.33881851228816,
              39.91011583731645
            ],
            [
              25.823489716680758,
              40.09400768422309
            ],
            [
              25.34065921093317,
              40.32570570464873
            ],
            [
              24.8979220997541,
              40.6017194420567
            ],
            [
              24.50250299075308,
              40.91785052597234
            ],
            [
              24.161164406783275,
              41.269234444919
            ],
            [
              23.880105974721708,
              41.65039107685092
            ],
            [
              23.664853519967988,
              42.055284669406056
            ],
            [
              23.52013791240997,
              42.47739408705698
            ],
            [
              23.449764575620687,
              42.90979421085688
            ],
            [
              23.456476027303715,
              43.345249344490554
            ],
            [
              23.541811658954025,
              43.776319296841876
            ],
            [
              23.705971106470614,
              44.19547842504341
            ],
            [
              23.947689832640016,
              44.59524729107855
            ],
            [
              24.26413764438842,
              44.968335690012424
            ],
            [
              24.650852401375918,
              45.3077946669872
            ],
            [
              25.101721668053106,
              45.60717382303236
            ],
            [
              25.609024061836852,
              45.86067884592593
            ],
            [
              26.16353923116024,
              46.06332297689301
            ],
            [
              26.754730701780552,
              46.211065256964716
            ],
            [
              27.370999577377454,
              46.30092810523908
            ],
            [
              28.0,
              46.33108722832298
            ]
          ]
        ]
      }
    },
    {
      "type": "Feature",
      "properties": {
        "name": "Georgia",
        "code": "GEO"
      },
      "geometry": {
        "type": "Polygon",
        "coordinates": [
          [
            [
              41.5,
              45.33108722832298
            ],
            [
              42.11781133671149,
              45.30098728936255
            ],
            [
              42.72318758399211,
              45.21129723253754
            ],
            [
              43.30406460326854,
              45.0638275219246
            ],
            [
              43.84909715905119,
              44.86153414303059
            ],
            [
              44.34796367046214,
              44.608430681266704
            ],
            [
              44.79161261188202,
              44.309473178209714
            ],
            [
              45.17244178663156,
              43.97042449229124
            ],
            [
              45.48440831260649,
              43.59770534457242
            ],
            [
              45.72307303874225,
              43.19823898043074
            ],
            [
              45.88558757246326,
              42.779295574795576
            ],
            [
              45.97063482911861,
              42.34834135475314
            ],
            [
              45.978335049768454,
              41.912896116886145
            ],
            [
              45.91012885935738,
              41.48040155459392
            ],
            [
              45.768647568245704,
              41.05810170859391
            ],
            [
              45.557578990454324,
              40.65293598166764
            ],
            [
              45.281534938249045,
              40.27144453708412
            ],
            [
              44.94592453430108,
              39.91968551310009
            ],
            [
              44.55683573427394,
              39.603163295189255
            ],
            [
              44.120926056747976,
              39.3267670449702
            ],
            [
              43.645322486328126,
              39.09471874145117
            ],
            [
              43.13752981579133,
              38.910530103057795
            ],
            [
              42.60534626498667,
              38.776967893698405
            ],
            [
              42.05678498914432,
              38.696027248630244
            ],
            [
              41.5,
              38.66891277167703
            ],
            [
              40.94321501085569,
              38.696027248630244
            ],
            [
              40.394653735013335,
              38.776967893698405
            ],
            [
              39.86247018420868,
              38.910530103057795
            ],
            [
              39.35467751367189,
              39.09471874145117
            ],
            [
              38.879073943252024,
              39.3267670449702
            ],
            [
              38.44316426572607,
              39.603163295189255
            ],
            [
              38.05407546569892,
              39.91968551310009
            ],
            [
              37.71846506175096,
              40.27144453708412
            ],
            [
              37.442421009545676,
              40.65293598166764
            ],
            [
              37.2313524317543,
              41.05810170859391
            ],
            [
              37.08987114064262,
              41.48040155459392
            ],
            [
              37.02166495023155,
              41.912896116886145
            ],
            [
              37.0293651708814,
              42.34834135475314
            ],
            [
              37.11441242753674,
              42.779295574795576
            ],
            [
              37.27692696125776,
              43.19823898043074
            ],
            [
              37.51559168739351,
              43.59770534457242
            ],
            [
              37.82755821336844,
              43.97042449229122
            ],
            [
              38.20838738811798,
              44.309473178209714
            ],
            [
              38.65203632953786,
              44.608430681266704
            ],
            [
              39.15090284094882,
              44.86153414303058
            ],
            [
              39.69593539673146,
              45.0638275219246
            ],
            [
              40.2768124160079,
              45.21129723253754
            ],
            [
              40.88218866328851,
              45.30098728936255
            ],
            [
              41.5,
              45.33108722832298
            ]
          ]
        ]
      }
    },
    {
      "type": "Feature",
      "properties": {
        "name": "Russia (Black Sea)",
        "code": "RUS_BS"
      },
      "geometry": {
        "type": "Polygon",
        "coordinates": [
          [
            [
              37.5,
              48.33108722832298
            ],
            [
              38.15325564432889,
              48.30080296524537
            ],
            [
              38.79313175305531,
              48.21057485195551
            ],
            [
              39.406667273808594,
              48.062256664085574
            ],
            [
              39.98171047405142,
              47.85887197284279
            ],
            [
              40.50725802976379,
              47.60451994148122
            ],
            [
              40.973724635095905,
              47.30425250551822
            ],
            [
              41.373133364547115,
              46.96393053872151
            ],
            [
              41.69922516686726,
              46.59006703354178
            ],
            [
              41.947492962650536,
              46.189664935980815
            ],
            [
              42.11515102541038,
              45.77005626373035
            ],
            [
              42.20105331751672,
              45.33874775190686
            ],
            [
              42.20557534223414,
              44.90327675995676
            ],
            [
              42.13047327956839,
              44.471079738848445
            ],
            [
              41.978732252329685,
              44.04937433615466
            ],
            [
              41.754413071197064,
              43.64505527682689
            ],
            [
              41.46250418926563,
              43.26460351132258
            ],
            [
              41.10878317755217,
              42.91400774248646
            ],
            [
              40.69968999746867,
              42.59869727814087
            ],
            [
              40.242212766186775,
              42.3234851498029
            ],
            [
              39.74378557778434,
              42.092520533729214
            ],
            [
              39.21219719992981,
              41.909249661348305
            ],
            [
              38.655509032047156,
              41.776384575893395
            ],
            [
              38.08198050053649,
              41.695879256051796
            ],
            [
              37.5,
              41.668912771677014
            ],
            [
              36.91801949946352,
              41.695879256051796
            ],
            [
              36.34449096795285,
              41.776384575893395
            ],
            [
              35.787802800070196,
              41.909249661348305
            ],
            [
              35.25621442221567,
              42.092520533729214
            ],
            [
              34.75778723381323,
              42.3234851498029
            ],
            [
              34.30031000253133,
              42.59869727814087
            ],
            [
              33.891216822447845,
              42.91400774248646
            ],
            [
              33.53749581073437,
              43.26460351132258
            ],
            [
              33.245586928802936,
              43.64505527682689
            ],
            [
              33.02126774767032,
              44.04937433615466
            ],
            [
              32.869526720431615,
              44.471079738848445
            ],
            [
              32.794424657765866,
              44.90327675995676
            ],
            [
              32.79894668248328,
              45.33874775190686
            ],
            [
              32.88484897458963,
              45.77005626373035
            ],
            [
              33.05250703734947,
              46.189664935980815
            ],
            [
              33.30077483313275,
              46.59006703354178
            ],
            [
              33.626866635452885,
              46.96393053872151
            ],
            [
              34.02627536490409,
              47.30425250551822
            ],
            [
              34.49274197023621,
              47.60451994148122
            ],
            [
              35.01828952594859,
              47.85887197284279
            ],
            [
              35.59333272619141,
              48.062256664085574
            ],
            [
              36.20686824694469,
              48.21057485195551
            ],
            [
              36.84674435567112,
              48.30080296524537
            ],
            [
              37.5,
              48.33108722832298
            ]
          ]
        ]
      }
    },
    {
      "type": "Feature",
      "properties": {
        "name": "Kazakhstan",
        "code": "KAZ"
      },
      "geometry": {
        "type": "Polygon",
        "coordinates": [
          [
            [
              52.50000000000001,
              48.831087228322986
            ],
            [
              53.15974261791,
              48.800770144972205
            ],
            [
              53.805931110178804,
              48.71044625411912
            ],
            [
              54.42543880775702,
              48.561977118009686
            ],
            [
              55.00596540668928,
              48.35839844353032
            ],
            [
              55.53638247525661,
              48.103824731893354
            ],
            [
              56.007007338799724,
              47.803325062974515
            ],
            [
              56.40979539761377,
              47.46277777899269
            ],
            [
              56.73844938022086,
              47.08871225219137
            ],
            [
              56.98845135963396,
              46.68814550498234
            ],
            [
              57.15702870607022,
              46.2684203999019
            ],
            [
              57.24306818282362,
              45.8370506887989
            ],
            [
              57.246993244887804,
              45.40157666040667
            ],
            [
              57.17061871834325,
              44.96943366000458
            ],
            [
              57.01699500636695,
              44.54783451265661
            ],
            [
              56.79025135924073,
              44.1436659307884
            ],
            [
              56.49544503136308,
              43.763398337716474
            ],
            [
              56.13842065497672,
              43.4130081610163
            ],
            [
              55.725682073347336,
              43.09791149098136
            ],
            [
              55.264277264567845,
              42.82290800016578
            ],
            [
              54.761695838225954,
              42.59213412329482
            ],
            [
              54.22577783894875,
              42.409024654709825
            ],
            [
              53.66463215855744,
              42.27628209650604
            ],
            [
              53.08656265306535,
              42.19585325994513
            ],
            [
              52.50000000000001,
              42.16891277167702
            ],
            [
              51.91343734693466,
              42.19585325994513
            ],
            [
              51.335367841442576,
              42.27628209650604
            ],
            [
              50.77422216105126,
              42.409024654709825
            ],
            [
              50.23830416177406,
              42.59213412329482
            ],
            [
              49.73572273543216,
              42.82290800016578
            ],
            [
              49.27431792665268,
              43.09791149098136
            ],
            [
              48.86157934502329,
              43.4130081610163
            ],
            [
              48.504554968636924,
              43.76339833771646
            ],
            [
              48.20974864075928,
              44.1436659307884
            ],
            [
              47.98300499363306,
              44.54783451265661
            ],
            [
              47.82938128165676,
              44.96943366000458
            ],
            [
              47.7530067551122,
              45.40157666040667
            ],
            [
              47.75693181717639,
              45.8370506887989
            ],
            [
              47.842971293929786,
              46.2684203999019
            ],
            [
              48.01154864036604,
              46.68814550498233
            ],
            [
              48.26155061977916,
              47.08871225219137
            ],
            [
              48.590204602386244,
              47.46277777899269
            ],
            [
              48.99299266120028,
              47.803325062974515
            ],
            [
              49.4636175247434,
              48.103824731893354
            ],
            [
              49.99403459331073,
              48.35839844353032
            ],
            [
              50.57456119224299,
              48.561977118009686
            ],
            [
              51.194068889821196,
              48.71044625411912
            ],
            [
              51.84025738209001,
              48.800770144972205
            ],
            [
              52.50000000000001,
              48.831087228322986
            ]
          ]
        ]
      }
    },
    {
      "type": "Feature",
      "properties": {
        "name": "Turkmenistan",
        "code": "TKM"
      },
      "geometry": {
        "type": "Polygon",
        "coordinates": [
          [
            [
              53.0,
              42.33108722832297
            ],
            [
              53.587542641807765,
              42.30115307191629
            ],
            [
              54.163445001232354,
              42.21194716895537
            ],
            [
              54.7163990337532,
              42.06524163445331
            ],
            [
              55.23574179250243,
              41.86393249345789
            ],
            [
              55.71173177320798,
              41.61195718316594
            ],
            [
              56.135775675467215,
              41.31418607772811
            ],
            [
              56.50059768627957,
              40.976294029128844
            ],
            [
              56.80034882845699,
              40.604618382717526
            ],
            [
              57.03065883643817,
              40.206009779561825
            ],
            [
              57.18863685875649,
              39.78768141856844
            ],
            [
              57.27282975519951,
              39.357061485877814
            ],
            [
              57.28314784543191,
              38.92165234358721
            ],
            [
              57.220767869743426,
              38.4888989592406
            ],
            [
              57.08802195434514,
              38.0660680665189
            ],
            [
              56.88827987761534,
              37.660138744696184
            ],
            [
              56.62583022167557,
              37.2777045155817
            ],
            [
              56.305764308292176,
              36.92488667447391
            ],
            [
              55.9338653209214,
              36.60725836689043
            ],
            [
              55.51650379173447,
              36.32977885516029
            ],
            [
              55.06053970896985,
              36.09673744549892
            ],
            [
              54.57323085849316,
              35.91170662754059
            ],
            [
              54.062146610604685,
              35.77750408218198
            ],
            [
              53.53508614340042,
              35.696163316470866
            ],
            [
              53.0,
              35.66891277167702
            ],
            [
              52.46491385659957,
              35.696163316470866
            ],
            [
              51.937853389395315,
              35.77750408218198
            ],
            [
              51.42676914150683,
              35.91170662754059
            ],
            [
              50.93946029103015,
              36.09673744549892
            ],
            [
              50.48349620826552,
              36.32977885516029
            ],
            [
              50.0661346790786,
              36.60725836689043
            ],
            [
              49.69423569170783,
              36.92488667447391
            ],
            [
              49.37416977832442,
              37.2777045155817
            ],
            [
              49.11172012238466,
              37.660138744696184
            ],
            [
              48.91197804565486,
              38.0660680665189
            ],
            [
              48.779232130256574,
              38.4888989592406
            ],
            [
              48.71685215456809,
              38.92165234358721
            ],
            [
              48.72717024480048,
              39.357061485877814
            ],
            [
              48.81136314124351,
              39.78768141856844
            ],
            [
              48.96934116356183,
              40.206009779561825
            ],
            [
              49.199651171543,
              40.604618382717526
            ],
            [
              49.499402313720424,
              40.976294029128844
            ],
            [
              49.864224324532785,
              41.31418607772811
            ],
            [
              50.28826822679201,
              41.61195718316594
            ],
            [
              50.764258207497555,
              41.86393249345789
            ],
            [
              51.2836009662468,
              42.06524163445331
            ],
            [
              51.83655499876764,
              42.21194716895537
            ],
            [
              52.412457358192235,
              42.30115307191629
            ],
            [
              53.0,
              42.33108722832297
            ]
          ]
        ]
      }
    }
  ]
}